城市中文名,城市代码
红花山,2101
布宜诺斯艾利斯,7894
卡塔马卡,3028
门多萨,5126
内乌肯,5856
萨尔塔,10531
奥拉涅斯塔克,12007
布里奇敦,2914
安德罗斯镇,1077726
比米尼群岛,2245552
卡特岛,2099110
马修镇,630
拿骚,30072
埃斯蒂加里维亚元帅镇,257489
埃斯特城,256844
奥维多上校,257547
堡奥林波,256827
蓬塔里埃雷斯,1243765
新亚松森,257493
亚松森,257012
奥鲁罗,34377
波托西,35114
瓜亚拉美林,32777
科罗伊科,33525
科恰班巴,32716
奎拉乔洛,32674
鲁雷纳瓦克,33530
罗沃雪,36131
马格达莱纳,1364551
苏克雷,32544
塔里哈,36802
贝尔莫潘,27600
博卡斯德尔托罗,257479
科罗纳多,259535
阿拉卡茹,36757
阿雷格里港,45561
巴西利亚,43348
贝洛奥里藏特,44403
大坎普,33738
弗洛里亚诺波利斯,35952
福塔莱萨,43346
库里蒂巴,44944
库亚巴,44281
累西腓,45090
里约热内卢,45449
马卡帕,64
马瑙斯,42471
帕尔马斯,36879
若昂佩索阿,34631
萨尔瓦多,43080
圣保罗,45881
特雷西纳,45253
巴瓦罗,771
卡巴雷特,125599
科图伊,125634
罗索,125603
卢佩龙,125597
蒙普拉塔,124602
蓬塔卡纳,462477
圣多明各,125887
索苏阿,125598
伊圭,465685
安巴托,126320
波托维耶霍,124096
瓜亚基尔,127947
加拉帕戈斯群岛,122546
基多,129846
凯扬波,129807
昆卡,127442
拉塔昆加,122439
里奥班巴,122060
洛哈,124089
马查拉,127702
曼塔,124100
萨利纳斯,125761
卡宴,168384
锡纳马里,411
奥尔金,122972
巴亚莫,122695
比那尔德里奥,125412
古巴圣地亚哥,125885
哈瓦那,122438
卡马圭,122051
曼萨尼约,232522
马坦萨斯,913
普拉亚吉隆滩,1071220
西恩富戈斯,122405
巴斯特尔,183798
彼得尔角城,183806
珀蒂堡,1150326
路易港,234826
阿劳卡,1363645
阿帕,106999
巴兰基亚,107123
巴耶杜帕尔,101957
比亚维森西奥,105930
波哥大,107487
波帕扬,101955
布埃纳文图拉,106804
布卡拉曼加,111417
恩维加多,106898
基布多,102143
卡利,111732
库库塔,107742
里奥阿查,105919
麦德林,107060
马尼萨莱斯,107719
蒙特里亚,102145
内瓦,103848
帕尔米拉,106805
帕斯托,105933
佩雷拉,106549
皮豪,111213
索加莫索,101932
索莱达,101867
通哈,101930
图马科,110447
伊皮亚莱斯,105934
伊塔古伊,101850
阿拉胡埃拉,111857
利蒙港,113882
图里亚尔瓦,112410
戈纳伊夫,186858
佩蒂翁维尔,189879
太子港,189891
罗阿坦,639
特古西加尔巴,188046
克拉伦迪吉克,12309
埃德蒙顿,52478
安提格尼斯,54684
奥克维尔,49554
奥沙瓦,49565
贝克湖,54849
北战堡,50385
本那比,47172
宾迪顿,52916
迪斯湖,214
多伦多,55488
弗雷德里克顿,1001
甘露市,47165
高堡,55047
格莱斯湾,54705
海河,54668
红鹿,46929
黄刀镇,49534
加蒂诺,50012
焦林,49008
角落卜克,54383
吉兰湖,54908
基隆拿,47170
旧克罗,1881
卡尔加里,52479
魁北克,50011
兰今湾,1157
勒红斯,56390
雷湾,49563
里福斯多克,52835
里贾纳,50335
鲁珀特王子港,53266
麦梅里堡,51933
蒙克顿,49417
蒙特利尔,56186
密西沙加,55071
穆斯乔,50337
纳尔逊堡,52706
纳奈莫,47168
纳塔诗昆,56164
尼皮贡,55203
皮克尔湖,1202
萨斯卡通,50338
珊尼亚,1182
沙普洛,54911
诗古提米,50013
渥太华,55487
天明,49542
威廉斯湖,52784
温哥华,53286
温尼伯,48989
希布加莫,55698
药帽,46928
伊魁特,49540
伊努维克,54661
支里画,47169
埃斯孔迪多,327158
埃文斯维尔,328789
阿克伦,330119
安大略,337183
安娜堡,329380
安那罕,327150
奥古斯塔,16588
奥克拉荷马市,350143
奥克斯纳德,337188
奥兰多,328169
奥马哈,349291
奥斯汀,351193
贝尔维尤,331424
贝克斯菲尔德,327143
北拉斯维加斯,349318
伯班克,332054
波莫纳,331974
波士顿,348735
查尔斯顿,331471
长滩,347631
戴利城,327155
达拉斯,351194
丹佛,347810
底特律,348755
独立城,334054
费城,350540
菲尼克斯,346935
弗雷斯诺,327144
弗里蒙特,332130
格林斯伯勒,329822
哥伦布,350128
海厄利亚,328177
好莱坞,332286
华盛顿特区,327659
加兰,336095
吉尔伯特,341804
旧金山,347629
开普科勒尔,332355
康科德,332085
克拉克斯维尔,331081
科勒尔斯普林斯,332372
克利尔沃特,332295
科林斯堡,327348
科罗拉多泉,327351
科斯塔梅萨,327154
拉雷多,331117
劳德代尔堡,328168
拉斯维加斯,329506
罗克福德,328767
罗利,329823
洛杉矶,347625
迈阿密,347936
梅斯基特,335731
密尔沃基,351543
明尼阿波利斯,348794
莫比尔,326705
莫德斯托,327145
莫雷诺谷,337165
纽约,349727
诺福克,1828
诺克斯维尔,331087
诺沃克,331968
欧申赛德,337180
潘布鲁克派恩斯,337606
庞帕诺比奇,337610
钱德勒,326856
乔利埃特,328758
切萨皮克,331244
萨克拉门托,347627
圣贝纳迪诺,327147
圣地亚哥,60449
什里夫波特,329148
斯托克顿,327149
苏瀑,330686
塔拉哈西,328170
唐尼,327157
檀香山,348211
图尔萨,350144
图森,346936
瓦列霍,331982
韦恩堡,328790
温斯顿-赛伦,329824
沃伦,338803
沃特伯里,332253
夏洛特,349818
锡达拉皮兹,328808
西米谷,337251
休斯顿,351197
西瓦利城,351229
西雅图,351409
扬克斯,334624
亚特兰大,348181
印第安纳波利斯,348323
英格尔伍德,337094
尤金,330145
泽西城,329548
芝加哥,348308
阿雷基帕,256930
安达韦拉斯,256921
查查波亚斯,256866
胡安惠,260673
胡利亚卡,260628
卡哈马卡,257577
库斯科,257812
利马,264120
马图卡纳,258480
莫克瓜,258747
皮乌拉,259570
普卡尔帕,261280
钦博特,256879
钦查阿尔塔,258273
塔克纳,261257
瓦拉,258479
瓦努科,258241
维塔尔特,258482
伊基托斯,258505
伊卡,258265
尤里马瓜斯,258515
法兰西堡,233870
圣皮埃尔,295213
坎佩切,231865
马尔多纳多港,258613
莫雷洛斯,1862851
墨西哥城,242560
普埃布拉,245020
奇瓦瓦,242375
萨卡特卡斯,236597
特拉斯卡拉,237898
瓦哈卡,234610
韦拉克鲁斯,236233
伊达尔戈,1807667
卡贝萨斯港,252042
马那瓜,253810
奇南德加,252479
希诺特加,253373
阿卡胡特拉,130781
圣萨尔瓦多,130669
松索,130780
乌苏卢坦,131204
帕拉马里博,309398
帕拉南,309394
丹讷里,1140130
卡斯特里,292259
米库,293944
比奎阿,1150186
金斯敦,361815
西班牙港,320634
巴里奥斯港,184361
波普通,189993
哈拉帕,235915
雷塔卢,185932
马萨特南戈,186231
南戈,190161
奇马尔特南戈省,182725
韦韦特南戈,183964
埃尔帕索德洛斯托罗斯,350803
埃斯特角,5002
查皮库伊,350479
派桑杜,350474
特雷塔伊特雷斯,351200
阿卡里瓜,355608
安蒂马诺,353016
巴基西梅托,354461
巴莱拉,356256
巴里纳斯,352123
波拉马尔,355373
瓜雷纳斯,354964
圭亚那城,352288
加拉加斯,353020
坎陶拉,351850
卡维马斯,356443
科罗,353057
科洛尼亚托瓦尔,1236218
库马纳,356041
马拉凯,352088
马拉开波,356583
梅内格兰德,356439
图梅雷莫,352301
乌帕塔,352287
奥乔里奥斯,214976
内格里尔,216715
艾森港,56887
阿莱马纳镇,56789
阿里卡,52496
安托法加斯塔,52481
奥索尔诺,53714
奥瓦列,57860
比尼亚德尔马,56790
卡拉马,52480
科皮亚波,52499
库里,54030
兰卡瓜,53610
蓬塔阿雷纳斯,53738
普孔,57347
沙伊顿,59991
塔尔卡,54029
塔尔卡诺瓦,52616
塔拉甘特,60432
特木科,52485
瓦尔迪维亚,53732
瓦尔帕莱索,61328
维塔库拉,1245731
岩德圣多明各,61323
伊基克,56765
阿亨基希,1008722
埃弗丁,23565
艾森斯塔特,21934
阿姆施泰滕,1008733
奥伯谷尔格,1008747
巴登,1008740
巴特格莱兴贝格,25321
巴特霍夫加施泰因,24806
巴特加施泰因,1008730
巴特伊施尔,23552
滨湖采尔,24829
滨湖新锡德尔,21930
比绍夫斯霍芬,24825
波伊斯多夫,1008734
布兰德,1008718
布雷根茨,26219
布鲁登茨,26218
布伦纳,1008748
采尔特维格,25306
茨韦特尔城,22970
德意志兰茨贝格,1008715
德意志兰兹博格,25295
多恩比恩,26222
多瑙费尔德,1008741
恩斯,23610
费尔德巴赫,1008717
费尔德基希,1008742
费尔德基兴,1008762
菲尔斯滕费尔德,25297
菲拉赫,22049
费施巴赫,1008756
风怒角,1008719
弗尔克马克特,22066
弗克拉布鲁克,23618
福莱斯塔特,1008732
弗里萨赫,1008763
甘瑟恩多夫,22928
格拉茨,30915
格莱斯多夫,25273
格兰特科恩,25298
格里斯科尔琴,23571
格洛森哲斯多夫,1008735
格蒙登,23553
哈莱恩,24804
黑马戈尔,22057
霍尔茨高,1008720
基茨比厄尔,25678
基茨比尔,1008726
居辛,21927
卡芬堡,1008710
卡普芬贝格,25263
科恩堡,22981
克拉根福,28930
克拉根福机场,1008724
克雷姆斯,1008738
克雷姆斯明斯特,1008711
克里姆勒,1008749
克洛斯特新堡,22913
克尼特尔费尔德,25264
库夫施泰因,25662
莱昂丁,23554
莱布尼茨,25301
莱布尼兹,1008716
莱塔河畔布鲁克,22972
兰德克,1008743
朗根罗伊斯,1008739
兰纳克,25407
兰舍芬,1008736
劳里斯,24881
雷茨,1008712
雷德斯塔特,1008753
利岑,25302
利恩茨,1008729
利林费尔德,22942
林茨,30332
罗尔巴赫,1008731
洛费尔,1008751
罗伊特,25672
迈尔霍芬,1008723
玛丽亚草甸,1008750
马特斯,21929
梅尔克,22945
米尔茨楚施拉格,25266
米尔施塔特,1008760
米斯特巴尔赫,1008725
密斯特巴赫,173099
莫德灵,22915
穆尔河畔布鲁克,25260
穆劳,25278
诺伊马克特,1008761
诺伊希德尔,1008757
帕茨科托弗,1008746
帕特沙赫,1008714
佩尔戈,23586
普赫贝格,948541
萨尔茨堡,30760
塞贝斯多夫,1008728
塞尔斯博格,25513
塞默灵,1008727
上普伦多尔夫,21993
上陶恩,1008754
上瓦特,21931
沙伊布斯,22959
舍尔丁,1008737
施拉德明,25286
施泰雷格,23848
施托克劳,22919
施瓦茨,25680
斯太尔,23557
松布利克,1008752
塔姆斯维格,24821
图尔恩,22985
魏茨,25305
魏德霍芬河畔塔亚,22964
魏德霍芬河畔伊布斯,22986
维恩施威夏特机场,1008713
维拉克,1008759
维也纳,31868
维也纳新城,22922
温迪施加斯滕,23884
温肯,24896
沃尔夫斯堡,169822
锡利安,1008758
伊姆斯特,25676
因斯布鲁克,31197
因斯布鲁克机场,1008745
伊施格尔,31047
尤登堡,25299
月亮湖,1008755
泽费尔德,1008744
詹纳斯多夫,21960
珍巴赫,1008721
祖尔斯,31767
地拉那,6522
都拉斯,1009166
夫罗勒,1009168
吉诺卡斯特,1009169
科尔察,1009170
库奇斯,1009165
佩什科比,1009167
斯库台,6127
阿克洛,211513
奥兰莫尔,208586
阿斯利,1081004
巴利卡纽,211496
巴利马洪,210247
巴利纳斯洛,208540
巴林克利格,207635
贝尔马利特,210452
波特马诺克,1079209
德罗伊达,210296
邓莱里,207967
都柏林,207931
都柏林<爱尔兰首都>机场,1008962
戈尔韦,1008971
基拉迪瑟特,1079698
凯斯门特机场,1008969
卡里加林,207652
卡里克马克罗斯,210611
康诺特机场,1008963
卡斯尔巴,210438
卡斯尔马特,207655
科克,207697
科克机场,1008967
克莱尔莫里斯,210457
克朗斯,210613
克鲁克黑文,207696
克洛纳基尔蒂,207659
莱克斯利普,1079517
莱特肯尼,207847
莱伊什港,210189
利默里克,207621
灵厄斯基迪,1079125
洛港,1079211
洛赫雷,208542
罗斯克雷,211374
罗斯莱尔,211510
马林加,34734
马林角,1008964
米德尔顿,207628
莫伊库伦,208583
穆林加尔,1008965
纽马基特弗格斯,207611
帕拉斯金利,1079229
舍考克,207529
舒尔河畔卡里克,211454
塔拉特,207922
瓦伦蒂亚天文台,1008966
香农河畔卡里克,210205
香农机场,1008968
谢尔金岛,1008970
伊登德里,210693
昆达,1008909
塔林,127964
图里,1008914
维尔楚,1008913
约格瓦,1008915
埃基斯蒂尔,1008954
埃拉巴几,1008947
阿库雷里,189661
博隆加维克,1008943
布伦迪欧斯,1008948
达尔维克,1008961
达拉角,1008946
格兰达坦基,1008958
格雷姆塞岛,1008950
格里姆斯塔迪尔,1008951
格林达维克,1008956
赫本,1008953
惠拉维德利,1008949
凯夫拉维克,1008945
雷克雅维克,1008959
雷克雅未克,190390
勒伊法赫本,1008952
帕特雷克斯尧德,1008955
斯蒂基斯霍尔米,1008944
斯特勒伊姆维克,1008957
韦斯特曼纳群岛,190697
温泉城,190701
哲居尔,1008960
奥尔沙,31475
巴拉诺维奇,27498
鲍里索夫,30000
波洛茨克,1008867
布雷斯特,1008874
多布鲁什,28263
多克西泽,1008868
高尔基,1008871
高美尔,1008876
格罗德诺,28800
戈梅利,28573
科布林,27256
利达,28801
林图皮,31259
利普,31256
明斯克,28580
莫济里,1008875
莫吉廖夫,322638
平斯克,27500
斯拉夫戈罗德,1008873
斯帕斯-杰缅斯克,1008872
维捷布斯克,31474
维特伯斯克,1008869
仙纳,1008870
巴尼亚卢卡,35546
比哈奇,1009190
布尔奇科,32737
布戈伊诺,1009192
格拉达卡奇,1009193
科托尔城,1565027
利夫诺,1009195
莫斯塔,1009196
莫斯塔尔,33326
涅姆,1009197
萨拉热窝,33028
桑斯基莫斯特,33063
图兹拉,1009194
伊策,1009191
泽尼察,33328
布尔加斯,47424
布拉戈耶,43813
德拉格曼,1008887
弗拉察,46791
弗拉塔,1008883
戈采代尔切夫,43090
旧扎戈拉,46322
卡瓦尔纳,43352
库尔德加里,1008877
拉兹格勒,1008881
洛夫奇,1008878
鲁塞,1008880
蒙大纳,1008884
帕扎尔吉克,44947
佩尔尼克,45093
普列文,1008885
普罗夫迪夫,49959
桑丹斯基,43093
沙布拉,43354
斯利文,46032
斯维林格勒,1008889
索菲亚,1008882
索非亚,51097
托尔布欣,43349
瓦尔纳,51536
维丁,1008879
锡利斯特拉,1008886
伊瓦依洛,1008888
埃尔布隆格,266368
奥波莱,1009030
奥尔什丁,1009052
奥斯特罗文卡,1009053
奥特沃克,264804
巴比莫斯特机场,1009054
贝尔恰托,264360
贝沃兹,1009055
彼得哥什,1009051
别尔斯克·比亚瓦,1009032
比亚韦斯托克,275110
波兹南,1009026
大波兰地区戈茹夫,274270
但泽,2134650
蒂黑,265984
弗罗茨瓦夫,273125
符沃达瓦,1009042
格但斯克,275174
格但斯克机场,1009049
格丁尼亚,275175
戈莱纽夫,266510
格鲁德柴兹,263631
格涅兹诺,266411
赫尔,1009035
华沙,274663
凯尔采,275941
卡利什,276595
卡托维兹,275781
卡托维兹佩朔维茨,1009057
科杰尼采,1009041
克拉科夫,274455
科洛,1009038
克罗斯诺,1009059
肯琴,266379
科沙林,1009021
克特钦,1009023
科沃布热格,266512
克沃兹科,263028
科扎林,276656
莱格尼察,273127
莱什诺,1009029
莱斯科,1009047
劳恩堡,1009034
拉齐布日,265980
勒巴,1009022
雷布尼克,265982
卢布林,274231
罗兹市,1009040
绿山城,1009039
马尔克兹伊切,263058
梅莱茨,265524
米科瓦伊基,1009025
姆拉沃,1009036
姆瓦瓦,264801
皮拉,1009024
普热梅希尔,1009060
普瓦维,1009056
普沃茨克,264813
乔伊尼斯,265565
琴斯托霍瓦,275785
热舒夫,1009031
桑多梅日,1009045
什切齐内克,1009050
什切青,276655
斯涅兹卡,1009044
斯塔加德什切青,266516
斯塔拉乔维切,266208
斯武比采,1009037
索斯诺维茨,275788
苏瓦乌基,265549
塔尔努夫,274457
特雷斯波尔,1009028
托伦,273877
维隆,1009654
乌斯特卡,1009048
谢德尔采,1009027
新松奇,1009046
希维诺乌伊希切,266514
耶列尼亚古拉,1009043
扎布热,275789
扎科帕内,1009033
扎莫希奇,1009058
扎维尔切,265985
埃尔森博恩,962808
埃斯塔勒,29262
艾瓦耶,29268
安德莱赫特,27501
安特卫普,27046
奥斯坦德,1008698
奥斯坦德机场,1008695
博弗尚,1008705
布拉斯哈特,1008703
布鲁塞尔,27581
布鲁塞尔国家机场,1008694
登德尔蒙德,30409
迪彭贝克,1008707
弗洛雷讷,30018
夫洛雷恩,1008704
根特,30438
亨克,1008708
科克赛德,31830
列日,1008693
列日市,29306
里提,1008706
麦尔市,1008702
蒙特瑞奇,1008709
那慕尔,30014
塞梅尔扎克,1008700
瑟兰,29263
沙勒罗瓦,28244
沙勒罗瓦·戈斯利,1008696
圣尼古拉斯,2917
维尔福德,31662
小布罗赫尔,960473
谢夫尔,1008701
休伯特,1008697
于克勒,27580
泽布吕赫,1008699
阿尔滕,1008187
阿尔费尔德,1008287
阿尔科纳,1008266
阿尔腾斯塔特,1008264
阿豪斯,1008278
埃尔丁,1008262
爱尔福特,1008190
埃尔朗根,167553
埃姆登,1008188
埃森,1008189
爱森纳赫,1008294
昂格明德,1008191
奥伯豪森,170357
奥伯斯多夫,1008192
奥尔登堡,169818
奥芬巴赫,1008301
奥芬堡,171789
奥格斯堡,167558
奥沙茨,1008193
奥斯特费尔德,1008194
阿沙芬堡,167726
巴尔特,1008195
柏林,178087
柏洛斯,1008304
拜罗伊特,167728
巴鲁特,1008282
班贝格,1008197
巴特辛根,1008196
贝尔吉施格拉德巴赫,170337
贝尔姆,1008279
本多夫,1008292
波茨坦,167904
波恩,170369
博尔滕哈根,1008271
博特罗普,170338
不来梅,1008198
不来梅港,1008199
布劳恩拉格,1008200
不伦瑞克,169823
布伦瑞克,1008201
布罗肯山,1008288
策勒,1008281
楚格峰,1008202
茨维考,171237
茨维瑟尔,1008186
达伦,1008283
德尔门霍斯特,169815
德累斯顿,171239
德意志湾,1008203
迪普霍尔次,1008204
杜塞尔多夫,170372
杜伊斯堡,170371
厄林根,1008182
法兰克福,168720
法斯伯格,1008273
费尔德伯格,1008205
菲尔斯滕采尔,1008175
菲林根-施文宁根,167217
费马恩,1008206
菲希特尔山,1008296
福格尔斯贝格,1008293
弗赖堡,1008207
弗里茨拉机场,1008286
弗伦斯堡,171565
弗罗伊登施塔特,1008208
福伊希特旺根,1008307
盖尔森基兴,170374
盖森海姆,1008299
戈德堡,1008209
格尔利茨,1008290
格拉,171708
格赖夫斯瓦尔德,173710
格赖夫斯瓦尔德岛,1008211
格林克钦,1008291
格吕克斯堡,1008212
根廷,1008213
哥廷根,1008210
哈瑙,853508
哈恩,1008298
哈尔堡,1008214
哈尔茨格罗德,1008215
哈根,170344
海尔布隆,167211
哈勒,1008216
哈姆,170345
汉堡,178556
汉诺威,169824
赫尔戈兰,1008217
黑尔讷,170346
华宝,1008218
怀森堡,1008184
霍恩,1008219
霍夫,1008303
霍耶斯韦达,1008289
加德勒根,1008221
加米施·帕滕基,1008222
基尔,171566
基明,1008174
吉森,1008220
居特斯洛,1008280
卡尔卡,1008285
开姆尼茨,1008224
康斯坦茨,171706
卡塞尔,1008223
科布伦茨,171042
克雷费尔德,170348
科隆·波恩,1008225
肯普滕,1008226
科特布斯,167902
库克斯港,169959
拉尔,1008178
拉格机场,1008272
赖讷,1008277
莱比锡,171240
莱比锡城,1008265
莱克,1008227
莱西菲尔德,1008259
莱茵斯泰腾,1008306
兰金,1008300
兰兹伯格,1008228
劳普海姆,1008258
雷根斯堡,167556
雷克林豪森,170360
雷姆沙伊德,170361
勒沃库森,170349
林登贝格,1008229
林根,1008230
路德维希港,171043
罗斯托克,169581
罗特,1008308
洛伊特基希,1008263
吕贝克,171567
吕登沙伊德,1008231
吕肖,1008274
马格德堡,171293
迈宁根,1008233
玛利恩城堡,1008232
曼海姆,167219
梅佩恩,1008276
美因茨,171044
门兴格拉德巴赫,170375
米尔多夫,1008180
米赫拉克尔,1008179
米里茨,1008234
明斯特,1008235
米歇尔城,1008302
慕尼黑,1008236
纽伯格,1008237
纽伦堡,1008181
诺德霍尔兹机场,1008270
诺德奈,1008238
诺伊堡·多瑙河,1008239
诺伊斯,170356
帕德博恩,170358
皮歇尔机场,1008297
普福尔茨海姆,167213
普劳恩,175494
普特布斯,1008267
屈梅斯布鲁克,1008177
萨尔布吕肯,1008240
萨尔茨吉特,169820
施莱茨,1008295
石勒苏益格,1008242
施特滕,1008183
施特劳宾,1008241
什未林,169582
施韦因富特,172215
施文宁根（克里佩内克）,1008176
斯豪森,1008275
斯图加特,167220
索尔陶,1008243
索林根,170363
陶努斯,1008244
腓特烈港,171773
特里尔,171045
特里尔匹兹堡,1008245
托莱,1008305
瓦伦,1008246
瓦瑟山,1008247
维滕,170366
维滕贝格,1008252
魏登,1008253
威恩施蒂凡,1008261
韦尔,1008249
维尔茨堡,1008251
威廉港,169821
威廉港机场,1008269
韦尼格罗德,1008250
威斯巴登,168721
维特蒙德港,1008248
温德斯泰因,1008185
文斯托夫,1008254
乌尔姆,167216
伍珀塔尔,170377
希尔德斯海姆,169817
锡根,170362
新鲁平,1008255
叙尔特岛,1008256
亚琛,170335
亚历山大广场,1008284
耶弗尔,1008268
伊策霍,1008257
因戈尔施塔特,167555
因戈尔施塔特机场,1008260
阿拜德,1008433
阿尔胡斯机场,1008430
阿尔斯列夫,1008432
埃斯比约,126311
奥本罗,126139
奥尔堡,1123
奥古斯滕堡,126143
奥胡斯,124594
奥斯特利尔德,124862
比克勒,122975
比隆,126144
比隆德机场,1008431
布拉明,126129
菲尔斯考,126216
弗雷德里克斯,124785
弗雷德里西亚,126124
盖瑟,1008434
哥本哈根,123094
汉斯特霍尔姆,1008426
赫尔辛格,123051
荷斯韦夫-A,1009649
荷斯韦夫-B,1009650
霍尔斯特布罗,124444
凯隆堡,125894
兰德斯,124595
罗斯基勒,125902
尼克宾,125898
欧登赛,1008423
齐斯泰兹,124788
齐斯泰兹机场,1008427
森纳堡,126122
斯基弗,124446
斯卡恩,1008428
斯坎讷堡,124445
斯克吕斯楚普,126272
斯陶宁机场,1008429
斯文堡,126179
托尔斯港,127726
瓦尔德,126123
韦斯勒斯,646830
希勒罗德,123048
阿巴坎,288447
阿德勒,1008540
阿尔马维尔,1008535
阿尔扎马斯,1008552
埃夫雷莫夫,1008487
埃利斯塔,1008526
艾麦克,1008499
阿纳帕,1008532
安娜,1008515
奥廖尔,1008486
奥伦堡,294535
奥涅加,1008498
奥则基,1008439
奥_洛夫卡,1008436
阿帕季特,1008485
阿特卡尔斯克,1008507
巴尔瑙尔,291662
巴拉绍夫,1008512
鲍里索格列布斯克,1008511
奔萨,294772
彼得罗夫斯克,1008506
彼得罗扎沃茨克,293141
别尔哥罗德,292195
别洛焦尔斯克,1008437
博洛戈耶,1008448
布登诺夫斯克,1008538
布鲁伊斯克,1008456
布斯克,1008454
车里雅宾斯克,292332
赤塔,291605
德米杨斯克,1008453
德诺,1008446
顿河畔罗斯托夫,295146
鄂木斯克,294463
恩戈泽罗,1008495
伏尔加格勒,296363
符拉迪沃斯托克,294927
弗拉基高加索,1008542
弗拉基米尔,296263
格多夫,1008438
格鲁吉夫斯克,1008537
戈罗多维科夫斯克,1008525
格罗兹尼,1008543
古尔贝内,1008451
古杰尔梅斯,1008545
哈巴罗夫斯克,1008501
哈巴罗夫斯克（伯力）,293149
哈拉布拉克,1008508
霍尔姆,1008452
贾甘特,1008522
加加林,1008472
加里宁格勒,292922
加利奇,1008459
捷别尔达,1008541
基尔萨诺夫,1008489
基联恩金克,1008533
基里希,1008912
基洛夫,288509
金吉谢普,1008910
基努,1008442
凯西琳,1008479
卡勒瓦拉,1008494
卡卢加,293006
堪察加彼得巴甫洛夫斯克,288260
坎达拉克沙,1008488
康斯坦丁诺夫斯克,1008517
喀山,1008475
卡西恩,1008462
科夫达,1008491
克拉斯诺达尔,293686
克林,1008467
科洛姆纳,1008478
克鲁泡特金,1008528
克麦罗沃,293142
科斯特罗马,293552
科泰尔,1008461
科特拉斯,1008549
孔多波加,1008503
寇尔卡,1008449
库尔干,288879
库尔斯克,1008504
库雷萨雷,1008441
怡莱,1008516
雷宾斯克,1008458
利夫内,1008505
里曼,1008527
利佩茨克,293886
利斯基,1008514
罗斯托夫,1008463
洛沃泽罗,1008466
路希,1009651
迈科普,291658
马加丹,289119
梅德韦日耶戈尔斯克,1008502
米赫路夫,1008481
摩尔曼斯克,294076
莫罗佐夫斯克,1008531
莫斯科,294021
莫扎伊斯克,1008473
莫兹多克,1008539
穆罗姆,1008474
纳罗福明斯克,1008476
南萨哈林斯克,290280
涅温诺梅斯克,1008536
诺夫哥罗德,1008440
诺林斯克,1008465
帕韦列茨,1008484
皮涅加,1008497
普洛列塔尔斯卡亚,1008523
普斯科夫,295031
萨兰斯克,293970
萨拉托夫,295382
萨列哈尔德,291505
萨马拉,290396
萨索沃,1008482
萨维奥洛夫,1008435
瑟克特夫卡尔,288559
圣彼得堡,560627
申库尔斯克,1008509
斯卢茨克,1008455
斯摩棱斯克,295475
斯塔夫罗波尔,1008529
斯塔里察,1008546
斯韦特洛格勒,1008530
苏拉,1008500
索尔塔瓦拉,1008520
索斯诺伏奥,1008550
苏亚,1008469
塔甘罗格,1008548
坦波夫,295902
特鲁布切夫斯克,1008457
特姆尼科夫,1008483
特维尔,296079
提瑞博卡,1008447
图阿普谢,1008547
托木斯克,290868
瓦尔加,1008444
瓦拉姆,1008524
维堡,1008551
维尔扬迪,1008443
维捷格拉,1008544
维克萨,1008480
韦特卢加,1008460
沃鲁,1008445
沃洛格达,296477
沃洛科拉姆斯克,1008471
沃罗涅日,1008510
沃洛索沃,1008911
乌法,292177
乌里扬诺夫斯克,296217
下诺夫哥罗德州,294199
谢尔普霍夫,1008477
谢苗诺夫,1008470
新罗西斯克,1008534
新西伯利亚,294459
雅库茨克,290150
亚历山德罗夫,1008468
亚鲁克斯尼,1008450
亚速,1008521
叶卡捷琳堡,295863
伊尔库茨克,292712
伊凡诺沃,1008464
印迪加,1008490
尹尔肖夫,1008513
印塞,1008496
伊热夫斯克,296181
伊万诺沃,288066
尤巴,1008493
阿比维尔,1008116
阿尔比,1008133
埃夫勒,133494
阿朗松,1008117
昂贝略,1008122
昂布伦,1008131
昂蒂布,136479
昂热,135974
奥尔良,1008169
阿让,1008124
阿让特伊,133593
阿维尼昂,1008129
阿沃德,1008170
阿讷西,136553
阿雅克肖,132932
巴黎,623
巴黎蒙苏里,1008166
巴斯蒂亚,1008118
贝尔热拉克,1008125
贝济耶,134157
贝桑松,133331
比斯加奥斯,1008123
波尔多,131913
布尔日,132636
布列斯特,1008119
布里夫,1008121
布里诺冈,1008158
布伦,1008154
布洛涅-比扬古,133609
布洛瓦,1008167
查特顿,1008161
达克斯,1008132
德朗西,133637
迪纳尔,1008160
第戎,132390
迪耶普,1008156
敦刻尔克,135631
菲加里,1008141
格勒诺布尔,136555
古尔东,1008120
加来,135630
卡昂,132264
卡尔卡松,1008134
卡尔维,1008142
坎佩尔,132565
卡庞特拉,1008130
克莱蒙费朗,132153
克里尔,1008157
克瑟伊莱班,1008173
朗格勒,1008172
拉尼永,1008159
兰斯,132769
勒阿弗尔,133478
勒布尔热,1008164
雷恩,132537
勒芒,135975
勒皮,1008136
勒图凯,1008155
勒瓦卢瓦-佩雷,133676
里昂,171210
里尔·莱斯坎,1008144
利摩日,134979
鲁昂,133479
洛里昂,132564
罗莫朗坦,1008168
吕埃尔-马尔迈松,133714
吕卡特港,1008139
马恩河畔尚皮尼,133615
马孔,1008143
马里尼亚讷,1008145
马赛,170960
梅伦,1008165
梅斯,135029
门德,1008128
蒙彼利埃,134138
蒙德马桑,1008146
蒙特利马尔,1008147
蒙托邦,1008126
米卢斯,131835
米约,1008148
戛纳,136419
南泰尔,133696
南特,135976
南锡,135030
尼奥尔,136304
尼姆,134139
尼斯,136420
欧里亚克,1008127
欧奈,133597
欧塞尔,1008171
欧什,1009645
佩皮尼昂,134140
普罗旺斯地区艾克斯,136417
普罗旺斯地区萨隆,1008138
普瓦捷,136294
塞蒂,1008135
塞纳河畔维特里,133760
塞日,133872
沙勒维尔-梅济耶尔,132782
沙特尔,1008162
圣日龙,1008149
斯特拉斯堡,1008150
索恩河畔沙隆,132401
索兰扎拉,1008140
塔布,1008151
特拉佩,1008163
特鲁瓦,132770
特耶斯,1008152
图尔,132609
图尔宽,135633
土伦,136421
图卢兹,1008153
维勒班,136558
亚眠,136096
耶尔,136481
伊斯特,1008137
艾赫泰里,1008796
埃斯波,133091
奥拉瓦伊内恩,1117398
奥卢,135967
波尔沃,133103
波里,1008805
海卢奥托,1008797
赫尔辛基,133328
基尔皮斯耶尔维,1008801
凯拉瓦,133098
凯沃,1008800
卡拉河,135789
卡拉河乌尔科卡拉岛,1008809
卡乌哈瓦,1008799
卡亚尼,135785
科什霍尔姆瓦尔斯群岛,1008811
库奥皮奥,134137
库萨莫,135790
库桑科斯基,133099
拉赫,135796
拉赫蒂,1008814
莱希亚,134501
兰基,1008807
拉彭兰塔,1008815
罗瓦涅米,1008816
鲁萨洛,1008808
米奈迈基,134577
穆奥尼奥,134870
尼汉姆,1008804
尼尼萨洛,1008802
尼瓦拉,135881
佩洛,1008806
塞伊奈约基,134269
萨翁林纳,133939
上维耶斯卡,135786
索丹屈莱,134944
塔米萨阿里,133123
坦佩雷·皮尔卡拉,1008817
图尔库,134768
万塔,133105
瓦萨,134772
瓦萨机场,1008803
维塔萨里,1008812
乌堤,1008810
许温凯,133106
伊洛曼齐,133968
伊马特拉,133107
伊瓦洛,1008818
约恩苏,1008819
约基奥伊宁,1008798
约基奥因内恩,133168
约马拉,131816
于特,1008813
于韦斯屈莱,134769
阿基奈特赛特,185735
达讷堡,1008918
戈特霍布,1008922
洪堡特,1008927
凯凯塔苏瓦克岛直升飞机场,1008924
卡科尔托克,1008917
卡科尔托克直升飞机场,1008925
康克鲁斯瓦克,895617
卡西江吉特直升飞机场,1008923
纳萨尔苏瓦克,186502
纳萨克直升飞机场,1008926
瑞士训练营,1008928
苏克托彭,186501
塔西拉克,1008920
雅各布沙温,186545
亚西亚特,1008921
伊托考托米特,1008919
尤利安娜霍布,186567
艾恩德霍芬,1008379
埃默洛尔德,247495
阿姆斯特丹,249758
德拉赫滕,247516
蒂尔堡,249209
迪莱,1008384
蒂纳洛德伦特,1008380
多德雷赫特,251526
法肯堡航空气象处,1008382
弗拉尔丁恩,251519
弗利兰岛,1008383
格罗宁根,248345
霍赫芬,247260
霍赫芬航空气象处,1008385
霍克范荷兰,1924
莱顿,251527
莱利斯塔德,871767
鹿特丹,251688
吕伐登,1008381
马斯特里赫特,248722
斯塔茨卡纳尔,247263
瓦森纳,251522
韦斯特多玻航空气象处,1008386
沃尔凯尔,1008387
希尔弗苏姆,249538
新米利根,871396
波德戈里察,300169
蒂瓦特,300856
乌尔齐尼,301049
奥洛穆茨,124966
比尔森,125505
布尔诺,123291
布拉格,125594
布热茨拉夫,123208
俄斯特拉发,124690
河畔乌斯季奥尔利,125034
霍莱绍夫,126710
霍穆托夫,126758
捷克捷欣,124610
卡罗维发利,123294
卡维纳,124607
克拉托维,125416
科切罗维奇,1376073
科斯泰尔尼-米斯洛瓦,1375829
拉贝河畔乌斯季,126813
利贝雷茨,124033
帕尔杜比采,125084
普罗斯捷约夫,124908
普日姆达,125477
切尔韦纳,1379510
丘兰诺夫,1379176
顺佩尔克,124906
斯特拉科尼采,123114
特鲁特诺夫,123331
特热比奇,126627
图尔诺夫,123974
耶塞尼克,124911
因德日赫城堡,123112
伊钦,123329
奥斯拉瓦河畔纳梅什季,1008897
波普拉德·塔特拉山,1008891
布尔诺机场,1008899
布拉格科贝里,1008894
杜丁西,1008902
杜库凡尼,1008898
胡尔巴诺沃,1008901
卢卡,1008906
迈尔索夫卡,1008893
莫霍夫采,1008907
普雷绍夫,1008908
普热罗夫,1008900
普日比斯拉夫,1008896
恰斯拉夫,1008895
切布,1008904
丘拉诺夫,1008892
日利纳,1008890
斯历亚科,1008903
泰梅林,1008905
奥西耶克,119909
比奥格勒,1675388
别洛瓦尔,1009175
茨雷斯,114522
达鲁瓦尔,1009176
杜布罗夫尼克,112593
法拉兹丁,1009173
格拉迪什泰,1009181
戈斯皮奇,1009180
赫瓦尔岛,1009186
科尔丘拉,112595
克拉皮纳,1009171
克里扎维奇,1009174
克宁,1009184
拉布岛,1009178
拉斯托伏,1009187
里耶卡,120665
罗维尼,113053
马尔让山,1009185
马卡斯卡,1009188
马里通,112663
米扎,1009183
木洛希尼,114491
帕津,1009177
普洛切,1009189
萨格勒布,117910
塞尼,1009179
上胡马克,115701
斯拉沃尼亚布罗德,112307
斯普利特,121161
希贝尼克,1009182
锡萨克,1009172
阿德茹德,1009099
阿拉德,286942
奥拉迪亚,287292
巴克乌,272041
彼得罗沙尼,1009105
比切特,1009079
比斯特里察,1009091
伯尔拉德,1009098
博托沙尼,272324
布加勒斯特,287430
布加勒斯特伯尼亚萨,1009071
布拉索夫,287345
布勒伊拉,287339
布列地尔,1009085
布泽乌,272546
德瓦,1009086
蒂米什瓦拉,290867
法加拉斯,1009100
福克沙尼,1009102
格奥尔基尼,273486
哈索瓦,1009072
胡埃丁,1009092
加拉茨,287869
金波耶,1009101
卡拉法特,10849
卡兰赛贝什,272643
卡兰塞贝什,1009087
康斯坦察,1009076
坎皮纳,1009083
克拉约瓦,287856
克勒拉希,1009063
克卢日-纳波卡,287713
克卢日·纳波卡,1009061
勒德乌茨,1009088
雷希察,1009064
勒姆尼库沃尔恰,276114
卢戈日,1009103
罗曼,1009094
洛西奥里-德维德,275948
马哈茂迪亚,1009068
麦德基迪亚,1009075
曼加利亚,1009080
米耶尔库雷亚丘克,1009084
帕朗,1009065
朋特琉,1009104
皮特什蒂,271848
皮亚特拉,1009093
普洛耶什蒂,289883
萨图马雷,285655
舒利纳,1009067
斯拉蒂纳,1009074
斯洛博齐亚,1009081
苏恰瓦,1009089
塔尔马齐乌,285720
塔高维斯塔,1009069
提图,1009073
图尔达,1009095
图尔恰,1009062
瓦斯卢伊,1009096
乌尔济切尼,1009082
锡比乌,290499
西格赫图-马尔马蒂耶,274477
锡里亚,1009097
锡纳亚,1009066
新摩尔多瓦,1009070
亚历山大港,1009077
雅西,1106119
扎勒乌,1009090
朱尔朱,1009078
埃希特纳赫,1009153
克莱沃,1009151
卢森堡,1009152
考纳斯,228309
克莱佩达,228531
克莱佩达港,1008977
尼达,1008983
帕兰加,1008976
帕涅韦日斯,1008980
上第文斯基,1008981
斯路特,1008982
特尔希艾,1008978
维尔纽斯,231459
乌克梅尔盖,1008985
希奥利艾,1008979
佑天兰,1008984
奥格雷,224912
包斯卡,1008974
多贝莱,1008973
雷泽克内,225533
里加,225780
利耶帕亚,228612
马多纳,1008975
萨尔杜斯,1008972
陶格夫匹尔斯,227465
瓦尔米耶拉,226476
文茨皮尔斯,231442
叶尔加瓦,228014
瓦杜兹,231407
巴尔蒂,1008988
蒂拉斯波尔,242819
杜博萨雷,1008991
弗列什蒂,1008987
基希纳乌,1008986
基希讷乌,242405
卡胡尔,1008993
麦克莱,1008992
尼科波尔,1008990
斯特拉瑟尼,245931
伊斯克拉斯塔尔,1008989
奥赫里德,1172
奥赫里德机场,1009157
贝罗沃,1009163
比托拉,227378
德巴尔,1009155
德米尔卡皮亚,227505
盖夫盖利亚,1009162
格夫戈里亚,227886
戈斯蒂瓦尔,227918
革新,230505
卡瓦达尔齐,1009164
克里瓦河帕兰卡,228547
克鲁塞沃,1009159
拉扎罗波勒,229190
马夫罗沃,1009156
普里莱普,1009160
普瑞特,1009158
斯科普里,227397
斯图米加,1009161
泰托沃,1009154
韦莱斯,1624668
阿尔塔机场,1008994
埃季岛,1009010
埃沃内斯,254378
艾于什库格,1009004
奥斯陆,254946
奥斯陆·加勒穆恩,1009007
巴尔杜福斯,1009011
班纳克,1009015
卑尔根,258220
博茨菲尤尔,252776
波什格伦,255886
布伦讷于松,254375
德拉门,252375
法格内斯,1008997
费德列斯达,254950
费迪厄,1009019
菲勒弗捷尔,1008996
弗洛罗,255269
哈尔斯塔,1009017
海于格松,255140
哈马尔,1009000
哈默弗斯特,252775
赫尔简根,1502803
赫讷福斯,252376
侯尼霍斯,1009003
霍恩松,1009009
凯于图凯努,1009006
卡拉绍克,252780
克拉格勒,255894
克罗克内斯,1502088
孔斯温厄尔,526
拉尔维克,256357
莱旺厄尔,254253
雷纳,1009001
勒罗斯,255583
利勒哈默尔,1008999
利勒桑,252075
留坎,255905
米克,1008995
莫斯乔恩,254370
纳姆索斯,254250
诺尔哈依姆森,253224
诺尔兰郡,1008998
诺托登,255898
欧布瑞丝塔德,1009002
赛于达,255142
桑讷菲尤尔,256358
瑟休森,1009014
滕斯贝格,256359
斯克勒瓦,254602
斯切达尔沙尔森,254268
斯塔万格,260665
斯特林,1009020
松达尔,255282
苏特兰,1009016
塔菲尤尔,254022
特隆赫姆,261172
特罗姆瑟,1009012
廷瑟,252938
瓦达尔瑞普,1009018
旺斯内斯,255392
韦尔达尔瑟拉,254269
沃尔达,253883
希博滕,1009013
希恩,255887
希尔克内斯,252772
熊岛,1009008
约松,1503323
约维克,254765
于特西拉,1009005
埃武拉,1008687
奥尔塔,1008672
奥尔塔岛,1008681
贝雅,1008689
比利亚雷亚尔,1008690
波尔图,275317
波尔图?佩德拉什-鲁布拉什,1008673
波塔莱格雷,1008691
布拉干萨,1008674
布朗库堡,1008669
法鲁机场,1008670
弗洛勒斯岛,1008675
科尔沃岛,1008680
科英布拉,1008679
拉日什,1008671
里斯本,274087
蒙蒂霍,1008684
蒙特垒,1008685
蓬塔德尔加达,1008676
萨格里什,1008683
圣玛丽亚,1008677
坦措什,1008686
维塞乌,1008688
锡尼什,1008678
英雄港,1008682
阿比斯库,308655
阿尔维卡,310686
阿尔维斯尧尔,1008657
阿尔耶普卢格市,1008605
艾尔夫达伦,1008666
埃克舍,308199
艾莫特,1008604
埃斯宾,307803
埃斯基尔斯蒂纳,314794
阿克斯图,1008622
阿拉曼,1008668
奥佛卡利克斯,1008638
奥瑟勒,1008662
奥特维达贝里,309275
比勒克勒布,1008606
博登,1008658
博尔奈斯,307773
博戈霍尔姆,308271
博伦厄,307405
蒂达霍尔姆,311163
蒂姆罗,310898
东哈马尔,310554
厄兰岛,1008636
厄勒布鲁,1008613
厄勒格伦德,310603
恩厄尔霍尔姆,1008624
恩金尔兹维克,310894
恩科平,1008615
恩舍尔兹维克,1008663
恩雪平,310552
厄斯特松德,1008637
法尔斯特布,1008632
法尔斯特布机场,1008625
法尔雪平,311160
伐拉,1008619
法里拉,307806
芬斯蓬,309268
弗卢达,1008607
哥德堡,1008646
哥德堡-兰德维特机场,1009652
贡纳恩,751045
贡纳恩机场,1008656
哈格福什,310695
海德穆拉,307410
海尔利永阿,311170
海讷桑德,6796
哈兰斯韦德岛,1008608
哈诺,1008609
哈帕兰达,308645
哈帕兰达机场,1008660
哈瑟勒霍尔姆,309565
哈什特纳,1008616
赫尔辛堡,314777
胡布里,2107276
胡布里机场,1008630
胡丁厄,309997
霍尔曼,1008665
霍弗尔斯,307774
胡斯克瓦纳,308195
基律纳,1008652
卡尔马,1008647
卡尔斯堡,1008621
卡尔斯克鲁纳,306839
卡尔斯库加,309210
卡尔斯塔德机场,1008623
卡雷苏安多,1008653
科尔拜克,311029
克里斯蒂安斯塔德,309566
克龙厄德,1008631
克洛腾,1008612
科斯达,1008628
科斯特群岛,1008635
克维克约克,1008655
孔艾尔夫,311180
莱克桑德,307407
拉卡特拉斯克,1008659
拉克索,309216
兰德斯克,309567
兰德索尔特,1008633
利丁厄,309999
林雪平,1008648
龙讷比,1008629
龙厄达拉,1008639
罗伯茨弗尔斯,310792
吕克瑟勒,310785
吕勒奥,308641
吕瑟希尔,311182
马尔默,314779
马尔默机场,1008626
玛丽弗雷德,309716
马隆,1008610
默恩达尔,311164
莫拉,1008614
莫利拉,745932
南泰利耶,314928
尼卡卢奥克塔,1008634
尼雪平,309679
诺尔雪平,314360
诺斯约,1009653
帕尔蒂勒,311043
帕亚拉,1008654
瑟德港机场,1008641
瑟尔沃斯堡,306841
绍伦吐纳,310003
斯德哥尔摩,314929
斯德哥尔摩阿兰达机场,1008617
斯图利恩,313636
斯图利恩机场,1008661
斯韦格,308020
斯韦格机场,1008667
松德比贝里,310005
松兹瓦尔,315848
孙讷,1008611
索莱夫特奥,310897
塔法拉,1008651
坦奈斯,1008642
特雷勒堡,309563
特罗尔海坦,738000
图灵厄,1008643
瓦尔马森,737370
维德塞尔,1008644
韦克舍,1008627
威廉敏娜市,1008645
维纳什堡,1733
维斯比,1008649
韦斯特罗斯,315855
韦特兰达,308194
乌德瓦拉,311167
乌尔里瑟港,311201
乌普兰斯韦斯比,310400
乌普萨拉,315524
谢莱夫特奥,310782
希灵厄,1008640
延雪平,1008650
耶代德,308054
耶夫勒,312971
耶利瓦勒,308647
永瑟勒,310952
尤城,311171
约克莫克,1008618
于默奥,315816
于斯塔德,309564
阿德尔博登,1008600
阿尔滕莱茵,1008598
阿尔特多夫,1008568
艾高,1008569
艾格勒,316001
埃门布鲁克,313958
艾因西德伦,1008594
阿劳,311629
阿罗萨,1008556
奥尔滕,314797
巴塞尔,312066
贝林佐纳,315267
贝兹瑙,1008587
比尔,189324
伯尔尼,312122
伯尔尼贝尔普机场,1008583
波斯基亚沃,1008570
布里恩茨,1008589
采尔马特,315560
策马特,1008602
查榭哈峰,1008579
措理孔,316394
达沃斯,1008555
迪森蒂斯,730038
迪森蒂斯·塞德龙,1008571
法伊,1008581
菲斯普,1008599
弗利姆斯,313192
格拉鲁斯,1008595
格兰岑,1008584
格林德尔瓦尔德,312131
哥纳葛特山,1008603
格施塔德,312234
荷恩利,1008597
后莱茵河,1008557
吉斯维,1008590
卡姆,1008593
科尼兹,312124
库尔,1008573
昆腾,1008596
莱布施塔特,1008592
拉绍德封,1008554
利斯塔尔,311994
卢加诺,1671
洛迦诺,315268
洛桑,316303
洛桑市,1008560
卢塞恩,314051
迈林根,1008586
马加迪诺,1008559
蒙塔纳,1008561
蒙特罗萨,1008601
米勒贝格,1008585
纳普夫,1008562
纳沙泰尔,1008574
帕耶讷,316009
佩耶纳,1008563
皮拉图斯山,1008591
奇梅塔,1008553
日内瓦,313082
日内瓦克万特兰国际机场,1008572
萨梅丹,1008575
桑蒂斯峰,1008564
沙夫豪森,1008582
少女峰,1008576
圣加仑,1008577
施库尔,1008558
斯塔比奥,1008566
苏黎世,316622
维瑙,1008567
韦比尔,315720
温特图尔,316623
乌斯特,316410
肖蒙,1008580
锡永,1008565
英格堡,1008588
因特拉肯,1008578
巴尔,1009119
贝尔格莱德,298198
贝尔格莱德·苏尔津,1009112
波德戈里察格拉德,1009120
查查克,299491
大格拉迪什泰,1559548
弗尔沙茨,298488
弗拉涅,1009106
基金达,300467
季米特洛夫格勒,1009114
克拉古耶瓦茨,1009115
克拉列沃,300366
科拉欣,1009121
克鲁舍瓦茨,1009113
科帕奥尼克,1009108
莱斯科瓦茨,298334
拉塔利,1711166
雷尼亚宁,300671
洛兹尼察,1009111
内戈廷,297287
尼克希奇,1009118
尼沙瓦州,1009107
尼什,299758
诺维萨德,298486
潘切沃,298539
佩克,1009122
普列夫利亚,1009117
普里什蒂纳,1009124
普里兹伦,1009123
丘普里亚,300194
斯雷姆斯卡米特罗维察,300675
斯梅代雷沃,300176
松博尔,1009109
瓦列沃,298665
谢尼察,301544
扎布利亚克,1009116
兹拉蒂博尔,1691350
兹雷尼亚宁,1009110
巴尔代约夫,300227
班斯卡-什佳夫尼察,297125
波普拉德,300229
布拉迪斯拉发,297345
汉德洛瓦,300915
胡门内,300228
科希策,298738
里马夫斯卡索博塔,297123
罗兹纳瓦,298696
卢切内茨,297122
尼特拉,299645
皮耶什佳尼,300979
普列维扎,300918
恰德察,301460
斯里阿奇,297144
斯尼纳,300237
斯特罗普科夫,300242
托波尔恰尼,299649
波斯托,300218
采列,1009127
克尔斯科,298822
克拉尼,298808
科切维,298599
利斯卡,1009128
卢布尔雅那,299198
卢布尔雅那奔尼克机场,1009125
马里博尔,1009126
穆尔斯卡索博塔,299624
斯洛伐克比斯特里察,300603
新梅斯托,300067
阿达纳,316649
阿菲永,316662
艾登,317040
埃迪尔内,317786
埃尔津詹,317812
埃尔祖鲁姆,317825
埃拉泽,317798
埃斯基谢希尔,317856
阿纳穆尔,317942
安卡拉,316938
安塔利亚,316939
巴勒克希尔,317083
班德尔玛,317084
贝加盟,318259
比斯米尔,317712
布尔萨,317350
迪亚巴克尔,317709
菲尼克,316949
加济安泰普,317880
杰伊汉,316624
克尔谢希尔,318701
克鲁兹卡雷,318677
科尼亚,318795
库沙达瑟,317049
拉普塞基,317401
马纳夫加特,316958
梅尔济丰,316868
内夫谢希尔,319781
帕莫卡莱,317705
恰纳卡莱,317387
乔鲁姆,317621
萨姆松,320593
塔尔苏斯,317938
泰基尔达,321238
特拉布宗,321281
乌拉,318276
乌沙克,321479
锡尔特,320774
西利夫克,317936
伊内格尔,317367
伊斯肯德伦,317918
伊斯帕尔塔,318032
伊斯坦布尔,318251
伊斯坦布尔·阿塔图尔克,1008692
伊兹密尔,318290
宗古尔达克,321608
埃佩特里,1009147
阿列散竹山形机场,1009150
阿卢什塔,1009146
敖德萨,325343
奥夫鲁赤,1009131
鲍里斯皮尔,1009138
别列扎内,1009140
波尔塔瓦,325523
布里恰内,1009144
布罗迪,1009137
德罗戈贝奇,324517
德鲁日巴,1009129
顿涅茨克,323030
弗罗洛沃,1009148
哈尔科夫,807967
赫尔松,324056
捷尔诺波尔,325936
基辅,324505
基洛夫格勒,324291
刻赤,322468
科洛梅亚,1009143
科诺托普,1009135
利沃夫,324561
卢布内,1009139
罗夫诺,325590
罗姆内,1009136
马里乌波尔,1008519
梅利托波尔,1008518
米列罗沃,1009134
帕拉索夫卡,1009149
切尔卡瑟,1009141
切尔尼戈夫,322162
切尔诺贝利,1009133
切尔诺夫策,322253
日托米尔,326609
萨尔内,1009130
苏梅,325825
索罗卡,1009145
文尼察,1642376
乌日霍罗德,1009142
辛菲罗波尔,322464
雅尔塔,322329
伊兹梅尔,802118
扎波罗热,1009132
阿尔巴塞特,1008392
阿尔赫西拉斯,306734
阿尔梅里亚,1008393
埃尔切,1462817
阿利坎特,310681
阿里坎特,1008419
奥伦塞,1008402
奥维耶多,306811
阿维拉,1008409
巴利亚多利德,236502
巴伦西亚,1008416
巴塞罗那,307297
毕尔巴鄂,309382
格拉纳达,252920
瓜达拉哈拉,1008412
赫雷斯德拉弗龙特拉机场,1008390
卡塞雷斯,1008415
卡斯特利翁,1008417
卡斯特利翁-德拉普拉纳,310682
科尔多瓦机场,1008400
莱里达,1008408
拉柯鲁尼亚,1008391
拉磨利那,1008405
雷阿尔城,303848
洛格罗尼奥,1008394
罗塔岛,1008421
马德里,308526
马德里·巴拉哈斯,1008388
马拉加,306732
马略卡岛,1008418
马略卡岛帕尔马机场,1008396
梅利利亚,1008039
梅诺卡岛,1008395
穆尔西亚,308556
那瓦塞拉达,1008411
潘普洛纳,308575
蓬费拉达,1008403
蓬特韦德拉,1008401
塞哥维亚,1008410
萨拉戈萨,1008397
萨拉曼卡,1008398
萨莫拉,1008406
索里亚,1008407
塔里法,1008422
特鲁埃尔,1008413
特纳利夫·吉马尔,1008037
托尔托萨,1008414
托莱多,303850
瓦伦西亚,1008399
维多利亚,1008404
韦尔瓦,1008420
希洪,306812
休达,1008038
伊比沙岛,1008389
伊萨纳,1008036
阿尔塔,1008777
阿格里尼翁,176772
阿格里尼翁机场,1008779
艾奥斯,182815
埃莱夫西西机场,1008786
阿拉科斯,1275322
阿拉科斯机场,1008781
阿摩尔戈斯,182774
阿纳菲,182775
安德拉韦达机场,1008765
安德罗斯,182778
比雷埃夫斯,182537
波利赫尼托斯,185385
蒂洛斯,1249722
蒂诺斯,182766
福莱甘兹罗斯,341
弗劳利纳,1008772
哈尔基斯,183312
基莫洛斯,182839
基斯诺斯,182842
基西拉,2281814
喀迪察,184390
卡尔帕索斯,183009
卡拉迈,185550
卡拉马孔,1273924
卡拉马塔机场,1008788
卡里姆诺斯,182953
卡斯托利亚机场,1008773
克基拉,184656
科林斯,184794
克桑西,181757
科扎尼,184896
科扎尼机场,1008774
拉里萨,1008766
拉米亚,1008780
雷斯蒙,1008795
利姆诺斯,1886156
利姆诺斯岛,1008767
罗兹机场,1008768
迈索尼,1008790
米蒂利尼,185371
米蒂利尼机场,1008778
米科诺斯,182761
米洛斯,182870
米洛斯岛,1008791
纳夫普利翁,182196
纳克索斯,182878
纳克索斯岛,1008789
帕特雷,176765
普雷韦扎,185872
塞雷,186108
塞里福斯,182908
塞萨罗尼基,1008769
萨拉米斯,182345
萨洛尼卡,186405
萨摩斯,1008787
圣帕拉斯凯维,1275077
斯基罗斯,183443
斯基罗斯岛机场,1008770
斯基亚奈斯,185467
苏达,1008771
塔纳格拉,1008782
塔托伊,1008785
特里波利斯机场,1008784
特里卡拉,1008776
沃洛斯,185462
希俄斯,178494
希俄斯机场,1008783
锡基诺斯,182911
锡拉机场,1008792
锡罗斯,157129
西提亚,1008794
雅典,182536
亚历山德鲁波利斯,178529
亚历山德鲁波利斯机场,1008764
伊拉克里翁机场,1008793
伊利奥普里斯,176875
约阿尼纳机场,1008775
扎金索斯,1889
佐格拉夫斯,182525
埃尔德,189896
埃格尔,1008936
埃杰克,188391
阿加德,1008935
奥包乌伊桑托,187385
奥费赫尔托,190742
拜赖焦新村,188381
巴拉顿博格拉,1261479
包姚,1008939
贝凯什乔包,1008941
波尔加,188402
波克什,1008938
波罗兹洛,188498
布达佩斯,187423
采格莱德,189903
大莱陶,1254450
德布勒森,188406
蒂萨福尔德,188612
蒂萨纳拉,188501
蒂萨铁堡,190738
多瑙新城,187918
杰尔,188380
瑙吉考尼饶,191709
凯采尔,187020
凯奇凯梅特,187061
凯奇凯米特,1008940
凯斯特海伊,191711
孔圣马尔通,188609
迈泽恰特,187390
密什科尔茨,187408
米什科尔茨,187408
莫雄马扎尔古堡,1008932
尼赖吉哈佐,190718
欧罗什哈佐,187184
帕里奇,1008942
帕帕,1008933
佩奇,187152
皮什珀克洛达尼,188385
萨尔博加德,187946
塞格德,187706
塞克希费黑瓦尔,187971
塞切尼,189584
松博特海伊,1008931
索尔诺克,188646
索普朗,1008930
塔波尔卡,191486
陶陶巴尼奥,188929
塔萨,1008937
托科,1008934
瓦克,189904
乌伊费赫托,190739
希欧福克,190566
扎霍尼,1008929
阿尔本加,1008376
阿尔盖罗,215064
阿尔卡莫,215377
阿尔塔姆拉,214802
阿戈内,214211
阿夸彭登泰,213368
阿雷佐,1008359
阿门多拉,1008326
安科纳,1008317
安齐奥,213291
奥尔比亚,215057
奥尔比亚机场,1008350
奥尔维托,216360
奥齐诺维,213854
奥斯蒂利亚,213856
奥斯塔,216440
奥特兰托,1008343
阿佩基奥,214075
阿奇雷亚莱,215374
阿斯科利皮切诺,214068
阿维亚诺,1008371
阿韦扎诺,211729
阿西斯,216358
巴盖里亚,215380
巴勒莫,215609
巴勒莫省西西里,1008351
巴里,214964
巴列塔,214965
巴里·佩雷斯,1008309
巴切洛纳波佐迪戈图,215381
巴萨诺-德尔格拉帕,216498
贝加莫,214040
贝拉登加新堡,215959
贝卢诺,216511
贝亚维斯塔角,1008311
比萨,216194
比萨·圭斯托,1008353
比耶拉,214751
博比奥,212759
博尔米奥,213749
博尔扎诺,1008369
波基博恩西,215940
波拉希,1547377
波利克洛,211905
博洛尼亚,212979
波马兰切,215974
波尼法蒂,1008333
波坦察,211853
波西塔诺,212430
博亚诺,214212
布雷西亚,214041
布雷西亚·盖迪,1008310
布林迪西,1008360
布龙尼,213817
布龙佐洛,216234
布鲁尼科,216225
代齐莫曼努,1008334
代森扎诺,1551652
德尔堡湾,215471
的里雅斯特,1008361
德森扎诺,1008374
迪科马诺,215963
蒂拉诺,213877
都灵,214753
多比亚科,1008362
多莫多索拉,214441
多纳,1551600
恩波利,215938
渥尔特拉,215944
法尔科纳拉,1008318
凡提米利亚,795
菲奥伦蒂诺堡,215999
费拉拉,212982
菲韦扎诺,215964
佛罗伦萨,216189
佛洛伦萨,1008363
富尔巴拉,1008345
福尔米亚,213296
福尔诺沃-迪塔洛,212780
福贾,214967
弗兰卡维拉丰塔纳,214809
弗利,1008315
弗龙托内,1551037
福洛尼卡,216008
富齐诺,1008323
格拉赞尼塞,1008340
戈里齐亚,213040
格罗塞托,216190
格罗塔里埃,1008332
瓜尔迪亚-隆巴尔迪,212331
瓜尔多塔迪亚,216370
古比奥,216363
圭多尼亚,1008324
赫拉弗多纳,213766
加尔法尼亚纳新堡,215960
加拉拉特,1008373
基安蒂盖奥勒,1550977
基安蒂格雷沃,2278901
基安蒂卡斯特利纳,216047
基奥贾,216512
焦亚省科莱,214810
基瓦索,214532
基耶蒂,211737
卡玻斯罗伦佐,1008338
卡尔博尼亚,215065
卡尔马戈诺拉,214438
卡尔皮,212828
卡尔塔吉罗,215382
卡利亚里,215279
卡洛福泰,1008339
卡麦奥雷,1695
坎波巴索,214193
坎波马里诺,214196
坎帕尼亚帕利努罗角,1008322
卡普拉尼卡,213328
卡普里,1008364
卡恰角,1008312
卡塞塔,212464
卡斯泰纳索,1552764
卡斯特尔韦特拉诺,215384
卡塔尼塞塔,215604
卡塔尼亚,215605
卡塔尼亚西格内拉机场,1008329
卡坦扎罗,212124
科尔托纳,215937
科莱戈诺,214440
克莱斯,216211
克罗托内,211953
库内奥,214457
拉蒂纳,1008325
拉戈堡,216394
拉古萨,215610
莱科,213737
莱切,214968
兰佩杜萨,1550276
蓝佩杜萨岛,1008337
兰恰诺,211776
拉努韦奥,213338
劳利诺,212332
拉帕洛,213522
拉韦洛,211849
拉文纳,212988
雷焦卡拉布里亚娣,212126
雷杰诺,216068
联合会在基安蒂,215976
列蒂,1008321
利卡塔,215389
里米尼,212990
里齐亚,214218
里瓦-德勒加尔达,1705
利维尼奥,213915
利沃诺,216191
里耶提,213310
龙基代莱焦纳里,1008355
鲁菲娜,215980
鲁卡,1008341
伦蒂亚,211954
洛雷托,1008319
罗罗,1008314
罗马,213490
罗维戈,216509
洛韦雷,213845
马里纳-迪吉诺萨,1008344
马萨卢布伦塞,2278593
马萨罗萨,216015
马萨马尔塔纳,216372
马泰拉,1008330
马泰利卡,214111
马天尼芬卡,1008331
梅拉诺,216207
梅斯特,1456856
蒙德拉贡,212279
蒙多维,1008375
蒙卡列里,214445
蒙塔尔奇诺,216017
蒙泰普尔恰诺,216020
蒙塔约内,1549069
蒙特阿根塔略,1008346
蒙特卡蒂尼-泰尔梅,216094
蒙特利齐约尼,1548863
蒙特切利奥,1548994
蒙特奇莫尼,1008347
蒙特斯-安吉洛,1009647
蒙特斯库罗,1008349
蒙特斯佩托利,215970
蒙特西瓦诺,211754
蒙扎,214047
米兰,214046
米兰·利纳特,1008365
摩德纳,212985
莫尔费塔,214969
莫拉弟巴里,214782
莫诺波利,214816
莫斯库夫,1548694
墨西拿,215608
穆拉沃拉,215103
拿波里,1008366
那不勒斯,212466
努奥罗,215056
诺瓦拉,214752
帕多瓦,216709
帕尔马,1008378
帕尔米,211943
帕基诺,215511
帕拉亚,216062
庞贝,212283
潘泰莱里亚,1548174
佩恩多克莱港,215358
佩拉戈,1548049
佩鲁贾,216438
佩鲁贾埃吉迪奥,1008316
佩乔利,215971
佩斯卡拉,211845
佩希纳,211785
佩扎罗,214190
蓬迪雷格诺,213925
蓬扎岛,1008328
皮蒂利亚诺,216024
皮翁比诺,2311109
皮亚琴察·达米亚诺,1008352
皮佐费拉图,1547639
普拉提卡·迪马雷,1008354
普拉托,216197
普雷甘兹佐,1547199
普里兹,215519
恰姆皮诺,213330
切尔维亚,1008367
切雷托圭迪,1552533
切里科,1552642
切塔尔多,216001
奇尼基亚诺,216051
奇斯特尼诺,214867
奇维塔韦基亚,213307
齐亚瓦里,1008377
冉达佐,215360
热那亚,213624
萨莱诺,212469
萨萨里,2310958
圣洛伦佐镇,215995
圣玛利亚迪勒乌卡,1008356
斯波莱托,216361
斯蒂亚,215986
斯考利,1545609
塔尔维西奥,1008372
泰尔米尼-伊梅雷塞,215370
泰尔莫利,214192
泰拉莫,211738
泰拉奇纳,213311
塔兰托,214970
陶尔米纳,215543
陶里阿诺瓦,211951
塔韦尔内尔-瓦尔第,2278903
特尔尼,216439
特兰托,1008370
特拉诺瓦-布拉乔利尼,1544934
特拉帕尼,2311117
特拉帕尼毕_吉机场,1008357
特雷维索·伊斯楚阿纳,1008358
特伦托,216357
特乌拉达,1008342
托尔吉亚诺,1544810
托尔托利,1544691
托雷德格雷科,212471
瓦拉塔,212414
瓦雷泽古雷,213596
维拉西米乌斯,215237
维罗纳,216712
维罗纳·维拉弗兰卡,1008368
威尼斯,216711
维皮泰诺,1009648
维琴察,216713
维泰博,1008320
维亚雷焦,215947
维耶斯泰,1009646
沃兰诺,1008313
乌迪内,213118
乌尔巴尼亚,214126
乌尔克斯,214626
夏卡,215395
锡代诺,211950
锡尔米奥内,213934
锡拉库萨,1008336
西罗滨海,211938
亚历山德里亚,214749
伊恩,1008335
因佩里亚,796
阿伯丁,1008041
阿伯丁小镇,1008042
阿伯珀斯,1008112
阿达高夫,1008067
阿尔比马尔,1008095
埃布尔达伦,1008107
爱丁堡,327336
埃克塞特,327655
艾拉岛,1008091
安德鲁斯机场,1008050
阿维莫尔,1008043
巴利帕特里克森林,1008069
班森,1008048
贝德福德,1008115
贝尔法斯特,326934
彼得赫德港,1008090
伯明翰,326966
波斯坎比当,1008044
布莱兹诺顿,1008045
布里德灵顿,1008046
查伍德,1008054
二号奥比亚,1008084
二号鲍尔塔桑德,1008072
二号宾利,1008101
二号福拉,1008083
二号格莱纳妮,1008068
二号韦尔努伊湖,1008108
二号威因夫利,1008106
二号亚波恩,1008089
菲尔顿,1008047
费林戴尔斯,1008097
格拉斯哥,328226
格雷夫森德浅水湖,1008056
格洛斯特,328266
根西岛,1008051
赫恩,1008061
赫尔河畔京士顿,327337
霍尔比齐二号,1008110
霍瓦登机场,1008100
金洛斯,1008087
卡尔德罗斯,1008058
凯蒂汉姆博德明,1008059
凯斯维克,1008093
卡莱尔,1008094
坎贝尔敦,1008055
坎伯恩,1008062
考文垂,326967
柯茨摩尔,1008109
柯克沃尔,1008066
克兰威尔,1008104
克罗斯比,1008099
科宁斯比,1008105
垦利机场,1008070
莱恩汉姆,1008052
莱斯特,329016
拉克希尔,1008053
勒威克,1008073
利明,1008074
琉查尔斯,1008092
利物浦,330510
伦敦,328328
伦敦德里,329139
洛夫特斯,1008096
洛西茅斯,1008088
马勒姆,1008111
曼彻斯特,329260
曼斯顿,1008057
莫娜,1008098
南安普敦,330732
纽波特,329689
牛津,330217
诺丁汉,330088
诺里霍兹,1008049
普利茅斯,1008075
奇切斯特,326255
丘奇芬顿,1008102
设菲尔德,326914
圣阿桑,1008079
什罗普郡,1008076
斯凯岛,1008085
斯坎普顿,1008103
斯托诺韦,1008077
斯旺西,331069
索登机场,1008113
索伦特,1008078
塔洛克桥,1008086
特伦特河畔斯托克,330865
托尼岛,1008063
威克,1008080
沃丁顿,1008081
沃提夏姆,1008071
伍尔弗汉普顿,326975
伍斯特,331595
珀肖尔,1008114
肖勒姆机场,1008064
锡利,1008082
约维尔顿,1008060
泽西机场,1008065
直布罗陀,1008916
阿得雷德,25257
艾丽斯斯普林斯,13726
巴拉多尼亚,16589
班克斯,12402
巴朱尔,1072751
宾利,1072715
伯德姆,23402
博尔达角,2261325
波拉尔,12874
楠布卡黑兹,13149
布莱科尔,14055
布里斯班,24741
布利亚,14070
布鲁内特唐斯,18282
布洛古罗,21612
达博,12764
达尔文,13718
戴利沃特斯,18356
丹德农,15870
丹皮尔,16628
德比,327543
德韦令阿普,21755
弗兰克斯顿,15697
弗里曼特尔,16511
盖恩达,14184
冈尼达,13028
格拉尼特道恩斯,19718
戈斯内尔斯,16494
戈兹沃西,2267136
古尔本,12766
黑镇,12712
赫伦岛,2183231
霍巴特,15390
霍登谷,15902
杰维斯湾,2267388
吉姆纳,1072335
金伯利唐斯,2266682
金格罗伊,14268
卡尔巴里,16666
卡尔古利,2266855
凯恩卡塔,2261040
凯乐尔,15856
卡拉德拉,14093
卡拉曼达,2262397
卡穆威尔,14094
康比恩巴尔,2266191
坎纳马拉,14132
堪培拉,21921
卡通巴,13062
科尔斯点,2271940
科夫斯港,12785
科里金,16622
库伯佩迪,14976
库尔戈拉,23383
奎尔皮,14379
奎纳纳,21395
昆比恩,13196
库奴纳拉,16682
拉里马,23402
拉默鲁,15057
拉姆丛林,2266232
兰斯林,16689
拉皮德湾,15134
雷德斯代尔,2265759
里尔莫斯,20348
鲁穆拉,2266957
伦马克,15201
罗伯恩,16760
洛坎普顿,13975
罗特尼斯特岛,26765
马布尔巴,16705
麦夸里岛,255726
玛拉,2032209
玛丽凯瑟琳,2267223
马鲁兰迪,13145
曼德拉,16703
马宁里达,13721
马塔兰卡,13763
米卡萨拉,16708
米灵金比,13765
默宾,16027
墨尔本,26216
莫鲁亚海兹,22309
纳拉伯,25051
纳拉库特,15130
滕南特克里克,13783
宁根,12771
努里乌特帕,15139
诺斯曼,16576
帕拉马塔,12688
佩恩斯范恩德,21825
萨戈明达,14429
桑古,26577
珀斯,26797
斯旺伯恩,708860
索雷尔,2267852
泰弗纳德岛,16741
特尔弗采矿中心,2267161
天鹅岛,2199774
提伯布拉,13251
廷德尔,2198019
旺内鲁,16459
瓦努韦,13790
维克多港,2267147
韦里斯溪,13308
沃盖特,13285
伍尔古尔加,13323
伍拉梅尔,16798
伍鲁克,2266290
伍伦贡,1073909
伍洛格朗,23519
武麦拉,15283
谢奥克斯,2266036
谢珀顿,2267549
谢尔哈伯,13068
悉尼,22889
亚历山德拉,297966
延杜穆,23416
扬加拉,15290
扬塔,2261488
亚斯,13340
耶蓬,14495
伊丽莎白,334492
尤丹达,15007
尤兰丹吉,2267478
哲朗,15892
莫罗贝,258783
萨马赖,258683
马图库,910576
苏瓦,127517
布塔里塔里,1123901
塔拉瓦,448
霍尼亚拉,298202
奥卡里托,6856
奥克兰,252066
北帕默斯顿,250815
波里鲁瓦,250940
达尼丁,255042
格雷茅斯,251084
哈韦拉,250436
怀霍拉,250049
怀欧鲁,250875
怀帕拉,247084
怀塔提,249940
怀韦拉,246843
惠灵顿,250938
霍基蒂卡,251092
璜加雷,249764
基督城,252473
卡尔弗登,247038
凯厄波伊,247052
凯库拉,247053
凯塔亚,249763
卡尼里,251093
卡斯尔波因特,250961
里卡顿,247239
罗托鲁瓦,246960
马丁堡,250948
马卡雷瓦,250353
玛努考,1078400
马斯特顿,250939
摩斯吉尔,249926
帕波库拉,246762
帕拉帕拉乌穆,250951
帕帕托伊托伊,246763
普雷,249908
普雷鲁阿,249870
塞夫顿,330498
上哈特,250941
塔卡普纳,246749
塔拉岱尔,248640
陶玛鲁努伊,250817
塔坡,250637
沃克沃思,1009641
下哈特,250942
希克斯湾,248311
因弗卡吉尔,250343
安德胡伊,1008004
巴格兰农场,1008006
巴米扬,1008011
北沙浪,1008008
法拉赫,1008022
海拉顿,1008007
赫拉特,4013
霍斯特,1008021
加慈尼,1008019
加德兹,1008020
贾拉拉巴德,1008017
加兹阿巴德,1008016
喀布尔,4361
喀布尔机场,1008012
坎大哈,4366
坎大哈机场,1008025
昆都士,1008005
拉格曼,1008015
洛加尔省,1008013
南沙浪,1008009
恰赫恰兰,1008010
萨罗比,1008014
提林库特,1008023
辛丹德,1008018
扎兰季,1008024
阿布扎比,321626
阿兰国际机场,1007722
阿治曼,1939
迪拜,323091
富查伊拉,1280745
哈伊马角,325530
沙迦,321623
沙迦国际机场,1007721
乌姆盖万,325953
阿斯布,258641
巴赫拉,1007977
布赖米,321634
迪贝,1007971
费胡德,1007976
盖勒哈特,1007980
海塞卜,1878474
海塞卜港,1007969
海塞卜机场,1007970
鲁斯塔克,1007972
迈尔穆勒,1279729
迈纳塞拉莱,1007983
马斯哈特,1007968
马斯喀特,258638
马特拉,258639
马西拉,1007982
奈兹瓦,256684
尼日瓦,1007973
塞拉莱,1007985
塞迈里,1007984
塞马伊勒,1007975
苏尔,1007981
塔卡,261632
希伯国际机场,1007974
亚当,1007978
伊布拉,1007979
阿格达姆,1008853
奥尔杜巴德,1008861
阿斯塔拉,1008866
巴尔达,1008847
巴库,27103
贝拉甘机场,1008856
比利亚苏瓦尔,1008863
达什卡桑,1008845
盖奥克恰伊,1008843
戈里斯,1008860
古巴,1008835
哈奇马斯机场,1008834
杰姆克,1008852
卡巴拉,1008839
凯达贝克,1008836
拉钦,1008854
连科兰,1008865
列里克,1008864
梅格里,1008862
明盖恰乌尔,1008840
纳布兰,1008833
纳夫塔兰机场,1008841
纳希切万,1008859
涅夫捷恰拉,1008858
丘尔达米尔,1008850
萨比拉巴德,1008849
萨利亚纳,1008857
沙鲁尔,1008851
沙姆基尔,1008837
舒沙,1008855
苏姆盖特,1008844
塔塔,1008846
乌古斯,1008832
叶夫拉赫机场,1008842
扎尔多布,1008848
占贾,1008838
廷布,361353
阿拉丁,1007689
奥卡拉,259643
阿斯多,1007646
巴尔汗,1007671
巴哈瓦尔布尔,1007674
巴哈瓦尔布尔机场,1007675
巴哈瓦尔讷格尔,1007670
白沙瓦,259370
巴拉科特,1007650
巴努,1007652
本及,1007645
本杰古尔,1007682
伯斯尼,1007687
达尔本丁,1007677
费萨尔巴德,1007664
费萨拉巴德,260626
瓜达尔,1007686
古比斯,1007691
古杰兰瓦拉,260623
古杰拉特,259633
海得拉巴,1007688
罕萨,1007640
胡兹达尔,1007683
吉德拉尔,1007641
杰勒姆,1007660
吉尔吉特,1007643
杰瑞特,1007654
吉尼奥德,259637
吉沃尼,1007685
卡拉姆,1007642
卡拉奇,261158
卡拉特,1007672
坎布尔,1007679
卡苏尔,259640
科哈特,258959
克哈特,1007653
克昆迪,1007676
奎达,257185
奎达机场,1007669
拉合尔,260622
拉合尔机场,1007667
拉合尔市,1007666
拉瓦尔品第,260625
拉沃拉科特,1007656
里沙浦,1007649
罗赫里,1007680
马尔丹,258961
曼格拉,1007657
米扬瓦里,1007659
木尔坦,260624
穆里,1007655
穆扎法阿巴德,1007648
纳瓦布沙,1007684
欧卡拉,1007668
帕拉奇纳,1007651
帕坦,1007647
若布,1007663
萨戈达,259647
萨希瓦尔,259645
斯卡杜,1007644
苏库尔,260835
图尔伯德,1007681
讷瓦布沙阿,260833
锡比,1007673
谢胡布尔,259648
锡亚尔科特,1007662
锡亚尔科特国际机场,1007661
雅各布阿巴德,1007678
伊斯兰堡,258278
伊斯兰堡市,1007658
章,1007665
章萨德尔,641858
麦纳麦,29687
安居,80325
安州,1007731
长津,1007729
丰山,1007726
圭城,1007730
海州,1007734
惠山,226667
江界,226561
金策,1007727
开城,224351
龙渊,1007733
南浦,57968
平康,1007735
平壤,225058
清津,1007724
三池渊,1531180
沙里院,223988
水丰,1007728
先锋,1007723
咸兴,223930
熙川,226563
新浦,59585
新义州,226643
阳德,1007732
元山,224380
中江,1007725
包考,1007939
帝力,1007937
维克克,1007938
阿拉巴特,265744
安布隆,1007801
奥隆阿波,266579
奥卢丹牙岛,266661
阿帕里,1007789
巴科奥尔,262677
邦板牙,764861
巴萨航空基地,1007793
巴斯科,1007786
巴斯科雷达区,1007785
比拉克,1007804
碧瑶,262309
博龙岸,1007812
达古潘,775798
打拉,266270
丹达,266169
达特,262563
达沃,262966
达沃机场,1007825
第波罗,266598
杜马格特,1007817
费尔南多航空基地,1007803
圭乌安,1007813
海纳图安,1007826
霍洛岛,1007828
加拉彦,1007784
甲万那端,265082
卡巴洛甘,1007810
卡加延德塔威塔威,1007827
卡加延德寨多,1007823
卡拉潘,1007800
卡塔曼,1007809
卡坦端内斯雷达区,1007805
卡西古兰,1007796
克拉克航空基地,1007794
科隆,1007806
科学园,1007799
奎松市,264873
库约,1007815
拉古板,1007792
怡朗,1007816
朗布隆,1007808
拉瓦格,1007788
拉巫格,1007819
利巴岗,266078
黎牙实比,261774
伦比亚机场,1007822
罗哈斯,762625
马阿辛,1007821
麦克坦,1007820
马拉巴拉,1007824
马洛洛斯,262436
马尼拉,264885
马斯巴特,264557
梅卡瓦延,262440
穆诺斯,1007795
诺拉站,1007791
帕加迪安,263837
三宝颜,266650
桑莱岬,1007798
桑托斯将军城,266054
三投斯将军市,1007829
圣荷西,1007807
苏比克湾气象站,1007797
苏里高,266138
宿务市,262768
塔比拉兰,1007818
塔克洛班,264004
塔克洛班市,1007811
塔亚巴斯,265741
土格加劳,1007790
王子港,1007814
武端,261707
希纳特天气站,1007787
伊洛伊洛,853112
英凡达,1007802
伊特巴亚特,1007349
第比利斯,171705
鲁斯塔维,169299
安东,223679
春川,223554
大邱,223347
筏桥,224268
釜山,222888
倭馆,223695
汉城,226081
晋州,223798
浦项,223682
秋风岭,1321109
群山,223083
仁川,223642
首尔,226081
束草,223556
水原,223670
蔚山,226451
蔚珍,223690
原州,223559
阿克穆拉,222342
阿克托比,1007739
阿库杜克,1007759
阿拉木图,222191
奥尔斯克,1007736
阿特巴萨尔,222348
阿特劳,222592
巴尔喀什,1007745
巴甫洛达尔,225059
巴卡纳斯,222243
彼得罗巴甫洛夫斯克,226264
伯雷克,1007741
江贝提,1007738
杰兹卡兹甘,1007744
卡拉干达,225167
卡扎林斯克,1007746
科什阿加赤,1007754
克孜勒,1007751
克孜勒奥尔达,225449
库斯塔奈,225311
里德尔,1007753
罗迪诺,1007748
鲁扎耶夫卡,226295
欧塔,1007756
恰帕耶夫,1007740
奇姆肯特,1007760
塞贡蒂,1142652
塞米巴拉金斯克,1007752
山姆,1009644
舍甫琴柯堡,1007757
什姆肯特,225000
斯捷普诺戈尔斯克,222380
塔尔戈哈尔,222308
泰帕克,1007742
塔拉兹,1007761
铁米尔,1007743
铁米尔套,225173
土耳其斯坦,1007758
图罗恰克,1007750
乌尔贾尔,226242
乌拉尔斯克,222722
叶西尔,222358
扎尔肯特,1007755
扎尔特尔,1007737
朱萨雷,225455
兹利克哈,1007747
兹梅伊诺戈尔斯克,1007749
比什凯克,222844
卡拉苏,1007913
纳伦,1007911
塔拉斯,1007912
托克马克,1007910
磅湛,1007959
柴桢,1007960
格罗戈,1007956
贡布,1007958
金边,49785
暹粒,1007955
马德望,1007954
上丁省,1007957
多哈,271669
多哈港,1007940
阿卜杜利,1007961
艾哈迈迪,1007966
巴比延,1007963
费拉卡岛,1007967
科威特,222056
实验农场,1007964
舒瓦克,1007965
瓦巴,1007962
贝鲁特,227342
朱尼耶,229263
巴色,1007326
奔讷,1007318
琅勃拉邦,1007320
帕克松,1007327
塞诺,1007324
沙拉湾,1007325
沙湾拿吉,1007323
沙耶武里,1007321
他曲,1007322
万象,361929
乌多姆塞,1007319
八莫,1007291
卑谬,1007305
彬马那,1007304
勃固,241847
勃生,241765
丹兑,1007307
丹老,1007316
达雅瓦底,1007308
东吁,1007306
东枝区,1007299
葛礼瓦,1007293
霍马林,1007289
景栋,1007300
坎迪县,1007287
卡萨,1007290
可可岛,1007315
腊戍,1007295
良乌县,1007297
曼德勒,244163
毛淡棉,1007313
马乌宾,1007310
明加拉当,1007311
敏巫,1007302
密铁拉,1007298
密支那,1007288
莫莱县,1007292
帕安,1007312
帕本,1007309
皎漂,1007303
葡萄,1007286
实兑,1007301
土瓦,1007314
望濑县,1007296
维多利亚角,1007317
雪布,1007294
仰光,246562
哈霓玛阿都,1008033
佳特土,1008035
加途,1008034
马累,5003
阿尔拜赫雷,1007775
阿尔达尔,797942
阿尔泰,1007771
巴伦图伦,1007763
巴彦敖包,1007777
巴彦布拉格,1007770
巴彦洪戈尔,1007774
布尔干,1007768
朝格特敖包,1007780
车车尔勒格,1007772
达兰扎达嗄德,1007783
达什巴勒巴尔,797658
额尔德尼查干,1007778
胡季尔特,1007773
呼塔格,242036
卡勒克戈尔,797472
科布多,1007764
曼达尔戈壁,242820
曼达勒戈壁,1007779
曼提,1007776
马塔德,242588
慕仁,1007767
乔巴山,1007769
赛音山达,1007781
塔里亚兰,1007766
托孙臣格勒,1007765
乌兰巴托,246421
乌兰固木,1007762
乌里雅苏台,60261
西乌尔特,245969
扎门乌德,1007782
巴瑞索,27110
博杜阿卡利,1007931
博格拉,30530
波拉,1007929
博里萨尔,1007928
代格纳夫,1007936
达卡,1007914
迪纳杰布尔,1007916
芬尼,1007926
福里德布尔,1007922
哈蒂亚,1007932
坚德布尔,1007925
窖米而纳,1007923
吉大港,27822
杰马勒布尔,1007917
杰索尔,28956
库尔纳,29075
库图布迪亚,1007935
勐腊,1007930
拉杰沙希,1007919
朗布尔,1007915
兰加马蒂,1007934
马达里布尔,1007924
迈门辛,1007918
纳拉扬甘杰,28144
萨德基拉,1007927
塞德普尔,1007690
斯里曼高,1007920
松迪布,1007933
坦盖尔,27868
锡尔赫特,30917
朱瓦当加,1007921
怡保,234818
巴株巴辖,228030
成邦江,786020
斗湖,229994
丰盛港,228039
哥打基纳巴卢,229992
瓜拉丁加奴,230666
关丹,229423
古达,230102
古晋,230204
吉隆坡,233776
吉隆坡龙运,230667
马六甲,229199
民都鲁,230208
芙蓉,229315
柔佛州新山市,228029
沙巴,2311118
山打根,229993
诗巫,230206
实兆远,229772
昔加末,228041
奥卡尔东加,1007950
拜尔瓦机场,1007948
巴克塔普尔,241810
比拉特纳加尔机场,1007953
博卡拉机场,1007947
丹尔加希,1007942
当斯,1007946
丹库塔,1007952
登代尔图拉,1007941
加德满都,241809
久姆拉,1007945
尼泊尔根杰机场,1007944
苏尔凯德,1007943
塔普勒琼,1007951
锡马拉机场,1007949
伯利恒,1279200
盖兰迪耶,1278824
拉马拉,212475
阿久根,1512184
岸和田,219614
八王子,221229
北九州,1509633
滨松,226090
长崎,1508462
长野,1508472
冲绳,219498
春日井,221857
大阪,217519
大宫,218267
大牟田,217361
大垣,217495
德山,221629
东大阪,1511115
东京,226396
丰中,1505764
福冈,1511639
富山,1505783
冈谷,1507620
冈崎,221858
冈山,1507619
高松,1506261
宫崎,1508699
广岛,1510983
函馆,223987
鹤冈,102672
和歌山,1739577
甲府,1509524
江别,217791
姬路,224026
京都,224436
静冈县,1506515
津市,103601
金泽,1510005
铃鹿,218916
鹿儿岛,1510321
茂木,221134
名古屋,1508429
米子,221241
奈良,1508215
能代,216803
尼崎,224024
千叶,1511925
青森,222341
秋田,1651525
日立,218233
森冈,1508627
上越,2014150
山口,1505294
神户,1509554
水户,1508769
四日,1505166
松户,223070
松任,218316
唐津,219770
町田,1509100
相模原,224378
仙台,1507017
小樽,217795
行桥,217330
新泻,1508123
熊本,1509280
旭川,223986
岩国,221628
一宫,1510795
宇都宫,1505452
札幌,1507108
佐世保,219187
阿奴拉达普勒,1007708
巴杜勒,1007717
拜蒂克洛,1007710
班德勒韦勒,1007716
波士维尔,1007715
汉班托塔,1007719
贾夫纳,1007703
康堤,1007712
卡图那亚克,1007713
科伦坡,311399
库鲁内格勒,1007711
拉特默勒讷,1007714
拉特纳普勒,1007718
马纳尔,1007705
穆莱蒂武,1007704
普塔勒姆,1007709
亭可马里,1007707
瓦武尼亚,1007706
法马古斯塔,122484
克蒂马,652782
拉纳卡,123769
利马索尔,124034
尼科西亚,124697
帕福斯,124968
特罗,124085
阿尔阿萨,1007846
阿尔卡夫及,1007835
艾卜哈,296644
艾赫萨,493420
阿拉尔,1007831
奥尔朱夫,1007833
巴哈,1007856
巴哈机场,1007857
比舍,1007858
代瓦迪米,296877
达兰,1007842
达曼,1007847
达曼航空气象处,1007845
法赫德国王国际机场,1007843
古里亚特,1007832
哈达,1007854
哈立德国王国际机场,1007849
哈伊勒,1007836
哈伊勒机场,1007837
加西姆,1007841
加西姆机场,1007840
吉大,1007851
吉达,299429
吉达港,1007850
季赞,1007860
吉赞,1667670
卡提福,1007844
拉比格,299342
拉夫哈,296721
利雅得,297030
麦地那,296807
麦加,299427
迈纳,1007852
穆兹达里法,1007853
奈季兰,1007859
塞卡凯,296749
萨杰,1007848
塔布克,300717
泰马,1007834
塔伊夫,1007855
图拉伊夫,1007830
沃季,1007839
朱拜勒,1007838
邦那农业气象组,1007268
班沙拉披,317537
芭提雅,1007273
巴武,320137
巴真武里,1007259
北碧府,318443
北冲农业气象组,1007262
北柳农业气象组,1007271
碧武里,320001
猜也蓬,317465
春蓬,318607
春武里,317582
佛丕,1007276
佛统农业气象组,1007267
呵叻,319629
合艾,320939
湄宏顺,319106
华富里,1007256
华欣,320151
甲民武里,1007265
尖竹汶,1007279
考斯昌,1007272
空巴吞,319602
孔敬,318585
廊曼,1007270
湄林,317534
黎逸,320359
罗富里,319052
罗永,1007278
玛哈沙拉堪,319122
曼谷,318849
曼谷港,1007269
莫达汉府,319494
那拉提瓦,319761
南奔,318901
娘隆,1007263
叻丕农业气象组,1007275
帕府市大城府,320049
帕尧,319956
彭世洛,320033
普吉岛,320075
清迈,317505
沙缴市,1007266
沙没巴干,320620
沙木沙空,320626
宋卡府,320938
苏凡纳布国际机场,1007258
素林,1007260
素林农业气象组,1007261
苏梅岛,5470
湄索,321137
索叻他尼,320998
梭桃邑,1007277
素攀武里,320984
泰国芒,319929
他朗,320076
威齐伯里,1007255
乌汶,321409
武里南,1007264
辛芳卡尔托农业气象组,1007257
亚兰,1007274
庄他武里（尖竹汶）,317490
本吉肯特,1008026
达沃滋,1008027
杜尚别,313854
霍罗格,1008031
库尔干秋别,1008028
库利亚布,1008029
鲁雄,1008030
伊什卡希姆,1008032
阿什哈巴德,317036
阿什哈巴德凯希,727608
巴依拉马利,1007876
别济梅恩,316711
达尔甘阿塔,318921
达什克霍夫兹,1007870
厄本特,1007873
加兹甘,1007872
捷詹,316704
卡卡,1007875
卡拉卡拉,317132
克尔基,1007877
穆尔加布,1007874
涅比特达格,1007871
恰尔尚加,1007878
萨拉戈特,316703
土库曼巴什,317118
乌夫拉,727280
斯里巴加湾,43196
斯里巴加湾市,1007720
阿尔马雷克,356233
布哈拉,352479
查尔哲夫,1007700
费尔干纳,353238
浩罕,1007698
金武,1007693
吉扎克,1007697
卡拉库耳,1007702
喀什,1007701
卡塔库尔干,355778
昆格勒,1007692
纳曼干,355095
努库斯,355666
努拉塔,1007696
普斯凯姆,720237
恰尔达拉,1007695
撒马尔罕,355776
塔姆德,1007694
塔什干,351199
铁尔梅兹,356042
乌尔根奇,356378
伊斯法拉,1007699
巴耶利,300547
实龙岗,1569686
武吉班让,300554
武吉知马,1569846
新加坡,300597
艾特利亚,1007864
巴尔米拉,1007869
大马士革,314446
德尔佐尔,1007867
德拉雅,312706
富尔格卢斯,313532
哈马,1007865
霍姆斯,313556
卡米什利,1007861
拉卡,1007866
拉萨德基地国际机场,1007863
拉塔基亚,1007862
塔尔图斯,1007868
伊德利卜,313615
阿布山,1007434
阿迪拉巴德,1007519
阿尔瓦尔,1007615
阿格拉,1007618
艾哈迈达巴德,202438
埃拉曼奇利,191980
艾迈德纳格,1007514
埃塔瓦,191067
阿讷加伯莱,186782
阿加尔塔拉,190964
阿杰梅尔,1007631
阿科拉,189310
阿拉,1007423
阿勒皮,193823
阿里格尔,1007619
阿立亚鲁,1007571
阿鲁布戈代,190779
阿默达巴德,1007454
阿姆劳蒂,189309
阿姆利则,205593
安巴拉,1007482
安德罗特,1007595
安古尔,1007512
安雷利,1007602
阿奴普加,1007518
奥卡,1007472
奥赖亚,191323
奥兰加巴德,1007515
奥兰加巴德机场,1007516
阿萨姆邦,186893
阿扎姆加尔,1007637
巴多格拉,894946
巴尔梅尔,1007409
柏德旺,1007469
柏蓝波,1007448
巴加尔科特,1007542
巴拉迪布,1007513
巴拉索尔,1007601
巴拉特普尔,1007617
巴利亚,1007422
巴卢尔卡德,1007429
巴罗达机场,1007603
班本,1007586
班达,1007419
班加罗尔,204108
班库拉,1007467
班斯瓦拉,1007458
包纳加尔,188166
巴瑞利,1007600
巴特那,1007425
贝尔高姆,1007549
贝拉迪拉,1007528
贝拉里,1007553
贝土尔,1007497
本迪,1007412
本地治里,190056
比德尔,1007535
比尔瓦拉,1007411
比贾布尔,1007543
比卡内尔,190207
比拉,1007525
彼拉尼,1007576
比拉斯布尔,1007483
比利皮德,1007606
波尔班达尔,1007492
博尔本德尔,188161
伯拉卡德,1007577
伯尼哈尔,1007397
波帕尔,204408
伯斯蒂,1007624
伯西尔哈德,191549
布巴内斯瓦尔,189781
布恩塔,1007444
布尔尼亚,1007427
布莱尔港,1007575
查谟,1007398
长岛,1007567
昌迪加尔,202350
达顿干吉,1007608
达尔,1007479
达尔班加,1007400
达尔胡西,1007399
达尔马布里,1007566
楠代德,1007517
戴蒙德港,1007490
大吉岭,1007626
大集市,1007424
达兰萨拉,1007404
达摩,1007462
丹巴德,1007465
道恩德,189465
德拉敦,191339
德里,1007445
瑙登瓦,1007625
德瓦尔卡,1007473
迪格哈,1007504
蒂鲁帕蒂,186823
蒂鲁文南特不勒姆,1007589
珀丁达,1007464
丁迪古尔,190808
迪萨,1007433
迪斯普尔,186894
第乌,1007505
讷迪亚德,188163
栋迪,1007585
栋格,190215
栋格尔布尔,1007456
杜布里,1007403
杜蒂戈林新港,1007591
杜尔格,1007501
都哈,1007478
杜拉哈,893117
杜姆卡,1007447
杜尼,1007538
多德伯拉布尔,193442
多尔浦,1007633
法特普尔,1007418
法扎巴德,191047
噶伦堡,191532
甘地讷格尔,1007457
冈迪亚,1007498
甘宁,1007491
甘托克,190542
戈巴尔布尔,1007522
哥打机场,1007413
格德格,188757
戈尔哈布尔,1007540
讷格尔科伊,190814
哥拉加特,1007408
戈勒克布尔,1007636
根尼亚古马里,1007590
戈特拉,188145
哥印拜陀市,1007596
贡达,1007623
贡马,1007594
瓜廖尔,204409
古德伯,1007559
古德洛尔,1007573
古尔伯加,1007534
古尔冈,1007588
古瓦哈蒂,1007406
哈多伊,1007622
哈佛隆,1007432
海得拉巴机场,1007536
哈默普尔,1007417
豪拉,206691
哈桑,1007562
赫尔奈,1007530
赫札里巴克,1007604
霍尔迪亚,1007611
霍纳沃尔,193391
霍申加巴德,1007480
贾巴尔普尔,204410
加达格,1007552
贾尔冈,1007495
加尔各答,206690
加济阿巴德,206683
加济布尔,1007420
贾拉瓦尔,1007439
贾洛尔,1007410
贾姆讷格尔,1007474
加木伊,1007446
焦尔哈德,186887
焦特布尔,1007630
加瑟勒戈德,193844
贾沙梅尔,190278
加什普纳加,1007485
加特尼,189803
吉德勒杜尔加,188745
杰尔拜古里,1007402
杰格德尔布尔,1007521
凯拉沙哈尔,1007449
卡基纳达,186812
卡来卡,1007580
卡林朋,1007627
卡纳尔,1007533
坎德拉机场,1007452
康纳,1007569
坎曼,186811
坎普尔,206679
卡努尔,186805
卡塔尔洛,190798
卡瓦利,1007560
卡沃,1007555
卡兹古德,1007396
科代卡那,1007578
克久拉霍,199094
科拉尔,188747
科拉尔金矿区,1007565
科拉普特,1007529
肯德瓦,1007496
科钦,56470
克塔克,189792
科塔亚姆,1007582
克肖德,1007493
科希马,189564
科泽科德,188806
科泽科德国际机场,1007570
孔杜尔岛,1007593
库拿,1007441
赖布尔,1007500
赖格尔,187460
赖久尔,1007544
赖森,1007461
拉杰巴莱亚姆,190811
拉杰果德,1007475
拉吉加尔,1007440
朗吉亚,1007609
兰契,203541
拉特兰,1007459
勒德纳吉里,1007531
雷瓦,1007443
勒克瑙,206678
李博伯雷利,191050
鲁得希阿那,205592
卢迪亚纳,1007470
罗尔凯勒,1007486
罗克,1007546
罗塔克,188421
马都赖,206674
马杜赖,1007584
马尔达,1007428
马赫布卜讷格尔,186798
马湖华,1007494
迈索尔,1007564
马莱冈,189303
马勒冈,1007507
马那,1007499
曼德维,1007471
曼迪亚,188763
曼普里,1007620
曼斯仁,1007524
马图拉,1007616
梅达克,1007527
梅迪尼布尔,196592
孟买,204842
米德纳普尔,1007489
密鲁特,206682
米尼科伊岛,1007587
莫尔穆冈,1007548
默黑萨纳,188138
莫加,190065
默吉利伯德讷,186817
莫拉达巴德,1007598
莫提哈里,1007638
慕苏里,1007503
穆扎法尔布尔,1007639
穆扎法尔布尔机场,1007610
穆扎法尔讷格尔,191054
纳尔贡达,1007537
纳高尔,1007614
纳格伯蒂讷姆,1007581
纳汉,1007488
奈尼陶,1007556
纳吉巴巴德,1007550
南考雷,1007592
纳西克,189304
纳西克城,1007506
内洛尔,186822
尼默杰,1007438
尼扎马巴德,1007526
帕蒂亚拉,1007477
帕戈尔布尔,1007426
潘纳,1007442
帕西加特,1007613
蓬吉尔,191768
毗底沙,189093
平德,1007634
皮瓦恩迪,189311
皮瓦尼,188422
普巴尼,1007511
普杰,1007607
普里,1007523
普路赖,1007466
浦那,204848
钱德拉布尔,1007520
奇克马加卢尔,1007561
乞拉朋齐,1007431
清德瓦拉,1007481
钦奈,206671
钦塔马尼,1007563
奇特多咖,1007437
奇特拉达加,1007558
奇图尔,186824
萨达拉,1007532
塞勒姆,1007572
萨加尔,1007460
桑迦利,1007541
桑提尼克坦,1007468
萨特纳,189104
森伯尔布尔,1007502
斯哈赫贾汉普尔,1007621
斯里古里,1007401
斯利那加,361707
苏包尔,1007632
苏尔坦普尔,1007635
苏拉特,202441
索拉布尔,204849
索拉普,204849
索尼帕特,188416
苏仁德拉那加,1007476
塔东,1007612
塔尔瓦德,1007551
塔纳,204847
坦巴拉,190794
唐拉,1007405
坦贾武尔,1007574
特赫里,1007508
特拉凡德伦,204287
特里苏尔,1007583
提斯浦尔,186888
提斯普尔,1007407
图拉,1007430
瓦尔巴赖,1007579
瓦尔达,1007509
瓦尔道拉,202439
瓦拉纳西,1007421
瓦朗加尔,202191
维杰亚瓦达,1007545
维济亚讷格勒姆,186809
韦拉沃尔,188169
维鲁杜讷格尔,190776
韦洛尔,190795
维萨卡帕特南,202192
维沙卡帕特南,1007539
温瑙,191018
翁戈尔,1007554
文古尔拉,1007547
乌代布尔,1007436
乌代布尔机场,1007435
乌代普尔,190217
乌都皮,1038141
乌贾因,1007605
乌拉斯讷格尔,189312
乌玛利亚,1007463
乌塔卡蒙德,1007568
肖拉普尔,1007599
锡布萨格尔,1007628
谢奥布尔,1007414
锡尔杰尔,1007450
希拉利,1007557
西隆,189555
希莫加,1007597
西姆拉,1007451
新德里,187745
新坎德拉,1007453
希萨尔,188420
锡瓦卡西,190780
希沃布里,1007415
亚瓦特马尔,1007510
伽耶,1009643
伊达尔,1007455
印多尔,204411
因帕尔,189551
伊塔纳加尔,357099
斋沙默尔,1007629
占城,1007484
章普尔,191052
占夕,1009642
詹谢普尔,1007487
哲雪铺,203542
安曼,221790
杰利科,1007880
马安,1007884
马夫拉克,1007879
萨菲,242642
塔菲拉,1007882
亚喀巴,221898
亚喀巴机场,1007885
耶路撒冷机场,1007881
斋福尔,1007883
祖韦扎,1229614
埃纳罗塔利,1007346
阿马哈尔,204851
阿马哈伊,1007344
楠阿皮诺,1007328
邦义尔,203160
毕栋,1007338
丹戒加兰,210188
达仁巴,1007350
登巴萨,202196
迪米卡,1007347
槟港,204112
哥打巴鲁,203637
格斯尔,1007345
井里汶,202513
巨港,211288
卡利昂厄特,1007334
科科斯岛机场,1007337
兰加士勿洞,202241
楠勒阿,1007343
马杰内,1007339
茂物,202507
棉兰,211298
明古鲁省,202310
纳比尔,205380
纳比雷,1007341
那雷尼,1007351
纳塔尔,35658
帕梅卡桑,203171
普哇加达,202510
日惹,211671
萨拉纳,1007340
三宝垄,208981
三堡垄港市,1007333
三马林达,203749
瑟朗,1007330
圣诞岛机场,1007336
诗都文罗,203175
双溪格龙,206272
松巴哇岛,205207
塔纳默拉,1007348
特加尔,1007331
外南梦,1007335
瓦梅纳,1007342
万隆,208977
万鸦老,206050
新当,1007329
雅加达,208971
直葛,202820
芝拉扎,1007332
阿巴代,1007380
阿巴丹,210055
阿巴丹岛,1007382
阿布穆萨岛,1007393
阿德比尔,1007356
阿哈尔,1007355
阿拉克,210434
安扎里,1007360
阿瓦士,210047
阿瓦兹,1007379
阿扎尔沙赫尔,207261
巴姆,1007385
班达阿巴斯,1007388
班娥安扎里,208614
班娥港,209904
比尔詹德,209740
博季努尔德,209467
布什尔,1007386
布什尔机场,1007387
大不里士,207308
道戈巴但,210106
德黑兰,210841
戈尔甘,208708
戈姆,207984
古尔甘,1007365
哈格岛,1007383
哈麦丹,1007373
豪尔,1007377
霍拉马巴德,1007375
霍伊,1007354
贾斯克,1007394
加兹温,1007362
基什岛,1007391
卡纳维斯,209720
卡珊,1007376
克尔曼,209375
克拉那克,1007395
科曼莎,1007372
拉姆萨尔,1007363
雷什特,1007361
伦格港,1007392
马库,1007353
马拉盖,1007359
马什哈德,209737
马斯吉德苏来曼,209921
梅赫里兹,517179
萨卜泽瓦尔,1007368
塞姆南,1007370
萨拉,1007357
萨拉赫斯,1007367
萨拉万,1007389
萨南达季,1007369
瑙沙赫尔,1007364
沙鲁德,1007366
设拉子,208538
塔巴斯,1007378
托儿巴特海达里耶,1007371
乌尔米耶,1007358
锡尔詹,1007384
亚兹德,211668
伊拉姆,1007374
伊朗沙赫尔,1007390
伊斯法罕,1007352
赞詹,211728
扎布尔,1007381
扎尔甘,509048
扎黑丹,211207
阿玛拉,1007908
巴德拉,1007901
巴格达,207375
巴古拜,207765
拜伊吉,1007892
巴士拉,206820
巴斯拉港,1007909
迪瓦尼耶,1007904
哈迪塔,1007895
海拉,1007900
哈奈根,1007896
基尔库克,1007890
卡尔巴拉,1007899
库特,1007902
拉发雷尔,1007906
拉马迪,1007898
鲁特拜,1007897
摩苏尔,210666
纳贾夫,1007903
纳杰夫,206905
纳西里耶,1007907
撒拉丁,1007888
萨马沃,1007905
索兰,1007889
提克里特,1007894
图兹,1007893
希拉,207344
辛贾尔,1007886
亚拿,1007891
扎胡,1007887
阿塔克,1007994
盖达,351717
盖勒钡瓦齐尔,353486
哈杰,1007989
荷台达,1007992
卡马朗,1007991
拉赫季,354261
里雅恩,1007995
马利卜,1007990
摩卡,1007998
穆赫拉斯,1007996
姆凯拉斯,351651
萨达,1007988
赛莫德,1007987
萨那,1007986
索科特拉岛,1007999
塔伊兹,351709
谢赫欧斯曼,351635
亚丁,351646
伊卜,1007997
扎马尔,1007993
埃里温,16890
阿雷尼,1008831
阿勒山,1008830
阿马西亚,1008820
安伯,1008823
阿什塔拉克,1008824
阿塔沙特,1008829
法坦,1008826
嘉瓦,1008827
久姆里,16923
绍尔哈,1008828
瓦纳佐尔,1008821
耶烈万机场,1008825
伊杰万,1008822
安宁,435075
白龙尾县,1007281
北江,352098
边和,353021
藩切市,1007284
富国,60606
岘港,352954
光荣,355417
贵仁,171
海防,353511
河内,353412
胡志明市,353981
金瓯,352499
康森,1007285
老街,354305
谅山,1007280
南定省,355085
潘切,352262
芹苴,352508
荣市,1007282
宋科,416466
头顿,352089
芽庄,354222
衙庄市,1007283
埃拉特,215615
阿克里,1346910
奥华特,1008003
阿塔村,213161
巴特亚姆,212477
北阿什杜德,1008001
贝尔谢巴,215752
贝尔谢巴市,1008002
贝内贝拉克,215839
比亚利克村,213162
措瓦,1280764
海尔兹利亚,215837
海法,213181
霍隆,215838
拉马特甘,215849
雷霍沃特,212482
里雄来锡安,212476
莫茨金村,213174
纳哈里亚,214239
内坦亚,212474
内谢尔,1281009
佩塔提克瓦,212473
特拉维夫,215854
亚姆村,213165
耶路撒冷,213225
耶路撒冷中央区,1008000
约特瓦塔,215681
阿德拉尔,1009412
阿尔及尔,2093
阿尔泽,1009394
埃尔果累阿,1009410
艾格瓦特,1009406
艾因塞夫拉,1009408
阿纳巴,1009381
安纳巴,2115
奥兰,5671
奥兰港,1009395
巴里卡,1009398
巴特纳,1009397
贝贾亚,2419
贝贾亚港,1009385
贝贾亚机场,1009386
贝尼阿巴斯,2386
贝尼萨夫,1009400
贝沙尔,2385
比斯克拉,1009402
布阿拉里季堡,2875
布维拉,1009389
代利斯,1009383
盖尔达耶,3786
盖勒马,1009387
加达亚,1009409
加莱,1009382
贾奈特,4254
加扎乌埃特,1009399
杰勒法,1009404
吉杰勒港,1009380
吉杰勒机场,1009379
君士坦丁,1009390
迈舍里耶,5465
米利亚纳,1009393
穆斯塔加奈姆,5193
姆西拉,1009396
纳马,1009407
赛达,1009405
塞提夫,6064
斯基克达,6199
苏克阿赫拉斯,1009391
泰贝萨,6372
塔曼拉塞特,6343
塔希费特,6363
特莱姆森赞塔那机场,1009403
特内斯,1009388
提济乌祖,1009384
提米蒙,1943
提奈斯,3055
廷杜夫,6465
提亚雷特,6417
图古尔特,5689
瓦尔格拉,5687
西迪贝勒阿巴斯,1009401
谢利夫,1009392
伊利济,4253
伊利齐,1009414
英盖扎姆,1009415
英纳梅那斯,1009411
因萨拉赫,1009413
罗安达,4651
阿布辛拜勒,1009213
艾斯尤特,127376
艾斯尤特农业气象组,1009210
阿勒旺,1009207
阿斯旺,127358
巴尔的姆,1009200
巴哈利亚,1009214
达哈布,1009222
杜姆亚特,1009201
法尤姆,1009208
费拉菲拉,1009215
哈里杰农业气象组(哈里杰农业气象站),1009216
哈萨纳,1009217
赫尔格达,126883
洪加达,1009219
洪加达污染区,1009220
基纳,130200
吉萨,1009206
开罗,127164
库赛尔,1009221
拉法赫,1009202
里士,1009203
卢克索,130201
罗塞塔,1009199
明亚,1009209
南谷大学,1009211
努扎,1009198
萨尔瓦多阿里什,14164
沙姆沙伊赫,128443
苏伊士,127330
他巴,1009218
塔里尔,1009204
希宾库姆,1009205
锡瓦,1009212
伊斯梅利亚,126996
扎加齐格,127335
阿瓦萨,1009421
巴赫达尔,1009417
德雷达瓦,1009422
戈德,1009423
戈尔,1009419
贡德尔,127184
季马,1009418
梅特哈拉,1009420
默克莱,1009416
亚的斯亚贝巴,126831
察内,33389
弗朗西斯敦,33329
哈博罗内,36781
哈伯罗内,1009505
杭济,1113417
卡萨内,1009506
莱特拉卡内,1009508
马哈拉佩,1009510
马翁,1009507
梅富根,1009512
西雷毕菲克威,1009509
朱瓦能,1009511
博博迪乌拉索,1009516
博罗莫,1009517
多里,1009513
法达恩古尔马,1009515
加瓦,1009518
瓦加杜古,48097
瓦希古亚,1009514
布琼布拉,47205
波多诺伏,30458
马拉博,127465
洛美,319242
阿斯马拉,129237
普拉亚,55657
普腊亚,1009519
班珠尔,167395
贝士,1009523
凯雷万,1009520
乔治城,1009521
萨普,1009522
布拉柴维尔,1009524
多利西,1009525
甘博马,1009530
兼巴拉,1009529
凯莱,1009535
马卡巴纳,1009527
马夸,1009531
穆永济,1009526
苏安凯,1009534
韦索,1009532
锡比提,1009528
英普丰多,1009533
黑角,109899
马丁戈-卡伊,109901
因普丰多,845397
博马,107429
金沙萨,113487
基桑加尼,110627
卡南加,108835
利卡西,109256
卢本巴希,113486
马塔迪,107423
姆班达卡,108299
乌维拉,111454
拜特布里奇,1009596
布法罗伦奇,1009594
布拉瓦约,352477
布拉瓦约机场,1009590
大草原,1009589
达尔文山,1009578
蒂约罗,1009579
恩伽布,1009580
恩卡伊,1009585
戈奎,1009584
格韦鲁,1009587
哈拉雷,353558
卡多马,1009588
卡里巴,1009574
卡罗伊,1009575
卡尼耶恩巴,1009576
奎奎,1009586
鲁萨佩,354554
玛卡恩伽,1009581
马斯温哥,1009593
马旬戈,354714
奇诺伊,1009577
奇平加,1009595
万基国家公园,1009583
维多利亚瀑布城,1009582
西尼科尔森,1009591
兹维沙瓦内,1009592
吉布提,122456
阿达,1009567
阿卡赤,1009562
阿克拉,178551
阿克西姆,1009563
阿库斯,1009561
阿奇莫达,1009559
阿塔帕梅,1009550
玻尔,1009553
喀拉海,1009548
科福里杜亚,1009560
克特克拉契,1009557
库马西,176776
拉马卡拉,1009547
芒戈,1009546
纳维荣古,1009551
萨尔特庞德,1009565
苏尼亚尼,1009558
索科德,1009549
塔科腊迪,1009564
塔马利,1009554
特马,1009566
瓦,1009552
温奇,1009556
延迪,1009555
巴法塔,1009537
博法,187786
博凯,1009540
博拉马,1009536
金迪亚,1009541
基西杜古,1009544
康康,1009543
科纳克里,187997
拉贝,1009538
马木,1009542
马森塔,1009545
锡吉里,1009539
比绍,187324
比塔姆,1009570
兰巴雷内,1009571
利伯维尔,168271
马得库,1009573
马永巴,1009568
米齐克,1009572
奇班加,1009569
让蒂尔港,170618
阿邦姆邦,1009605
埃代阿,48815
巴富萨姆,49610
巴门达,1009601
巴陶里,1009604
贝尔图阿,1009603
布埃亚,51297
杜阿拉,48810
恩冈代雷,1009599
恩康桑巴,1009602
加鲁阿,1009597
克里比,1009606
马鲁阿萨拉克,1009598
马姆菲,1009600
雅温得,47601
昂儒昂,1009609
马约特,1009610
莫罗尼,1009607
莫洛尼机场,1009608
埃尔多雷特,225630
阿西河,223421
古鲁,1009424
加里萨,224808
基苏木,224831
基塔莱,1009427
基西,224851
卡卡梅加,226510
拉姆,1009429
洛德瓦尔,225685
马萨比特,223476
马辛迪,1009425
蒙巴萨,223233
纳库鲁,225560
内罗毕,224758
索罗蒂,1009426
瓦吉尔,1009428
沃伊,223322
锡卡,222997
蒙罗维亚,361788
阿格达比亚,1009621
奥巴里,1009630
奥哈马德,1009626
贝尼纳,1009619
德尔纳,1009623
的黎波里,1009611
厚恩,1009628
加达迈斯,1009625
加特,1009631
库夫拉,1009632
伽罗,1009629
迈尔季,1009620
米苏拉塔,1009617
纳卢特,1009612
欧胡姆斯,1009616
萨哈特,1009622
塞卜哈,1009627
斯瓦尼,1009615
苏尔特,1009618
托布鲁克,1009624
耶夫兰,1009614
兹瓦拉,1009613
基加利,293211
阿纳拉拉瓦,1009638
安达帕,1009640
安齐拉纳纳,1009635
安特索依希,1009639
法夸尔,1009634
诺西贝,1009636
塔那那利佛,1009633
武希马里纳,1009637
埃拉契迪亚,1009447
阿尤恩,1009430
贝尼梅拉尔,1009445
得土安,1009454
番摊,1009453
盖尼特拉,1009436
胡里卜盖,1009442
胡塞马群岛,1009434
贾迪达,1009441
卡萨布兰卡,243353
卡萨布兰卡市,1009439
卡斯巴泰德拉,1009444
拉巴特,245072
拉腊什,1009432
马拉喀什,1009449
梅克内斯,1009438
米德特,1009446
穆罕默迪耶,1009437
萨非,1009443
舍夫沙万,1009433
索维拉,1009448
塔鲁丹特,1009450
坦吉尔机场,1009431
提兹尼特,1009452
瓦尔扎扎特,1009451
乌季达,1009435
伊夫兰,1009440
巴马科,233775
利隆圭,228635
马普托,242431
阿多大象公园,1009262
爱德华港,1009225
埃尔默洛,1009224
埃滕哈赫,1009260
艾斯特科特,1009322
阿姆塔塔,1009239
奥埃滕哈赫,297559
奥茨胡恩,1009258
奥赫拉比斯瀑布,1009314
阿平顿,299893
柏尔,1009244
巴克利西,299905
巴特沃斯,1009241
贝瑟,1009308
彼得马里茨堡,305606
彼得马里茨堡机场,1009338
彼得斯堡,305684
比勒陀利亚,305449
毕斯合,1009252
波福堡,1009251
波罗克瓦尼,1009278
波特维尔,1009246
布隆方丹,305115
布隆方丹机场,1009315
布韦岛,1009275
柴邦,1009294
达森岛,1009254
德班,305605
德班弗吉尼亚,1009230
德班国际机场,1009226
东巴克利,1009335
东伦敦,1009264
东索美塞特,1009261
厄加勒斯岬,1009268
范瑞恩,1009320
费克斯堡,1009316
福尔史密斯,1009332
夫拉则堡,1009234
弗雷堡,1009298
弗雷登达尔,1009231
弗雷黑德,1009311
弗里尼欣,1009303
高林奈思,1009330
嘎瑞普水库,1009333
戈夫岛,1009265
格拉斯科普,1009288
格雷厄姆斯敦,1009263
格雷镇,1009326
哈加-哈加,297701
好望角,1009293
赫拉夫·里内特,1009250
赫曼努斯,1009267
侯斯普瑞特,1009291
皇家国家公园,1009321
加查斯内克,1009319
杰米斯顿,305451
金伯利,306166
基特曼斯胡普,1009289
巨人城堡,1009227
卡尔维尼亚,1009232
卡尔文尼亚,299906
咖啡湾,1009242
开普敦,306633
开普敦港,1009255
卡罗莱纳,1009310
卡图,1009295
科菲蒙瓦巴,1009238
克莱克斯多普,1009301
克兰威廉,1009243
克龙斯塔德,1009304
克鲁格斯多普,298067
克尼斯纳,1009273
肯普顿公园,298090
库鲁曼,1009296
昆斯敦,1009235
拉法拉勒,1009276
莱登堡,1009282
莱迪史密斯,1009323
兰斯堡,1009249
理查兹湾,1009328
里佛斯达,1009269
利克田堡,1009299
罗伯森,1009247
罗布恩岛,1009253
鲁斯登堡,1009285
吕德里茨机场,1009284
马尔肯,1009277
马盖特,1009228
马拉,1009279
马姆斯伯里,1009245
马塞卢,1009318
马塔泰勒,1009336
马泽帕湾,1009240
莫尔蒂诺湖,1009256
莫霍特隆,1009317
穆伊河,1009325
内尔斯普雷特,1009290
内斯普利特,299527
尼湖德维,1009233
纽卡斯尔,1009309
诺洛斯港,1009313
帕多克,1009337
帕尔,301198
帕拉博鲁瓦,1009283
蓬戈拉,1009324
匹兰斯堡,1009286
普利登堡湾,1009271
普里斯卡,1009331
乔治机场,1009259
奇皮塞,1009280
齐齐卡马,1009272
萨瑟兰,1009248
沙卡王国际机场,1009229
圣布雷兹岬,1009270
圣弗朗西斯角,1009274
史库库莎,1009292
斯普林博克,1009329
斯普林斯,1009306
渥斯特,1009257
斯特兰德,1009266
索赫燕杜,1009281
索韦托,298077
塔巴津比,1009287
汤恩,1009297
通加特,298892
韦尔科姆,1009300
维佩纳,1009334
威特班克,299531
温特斯多普,1009302
乌伦迪,1009327
亚历山大湾,1009312
伊丽莎白港,304827
伊里亚德,1009237
伊洛沃,1147406
约翰内斯堡,305448
约翰尼斯堡,1009305
约翰尼斯堡国际机场,1009307
詹姆斯敦,1009236
中央,1009223
温得和克,243939
阿贝奥库塔,254698
阿布贾,254085
埃努古,252750
奥尼查,251991
奥绍博,1009353
奥约,255045
包奇,1009370
贝宁城,1009355
比达,1009374
比尔宁凯比,253567
波提斯昆,1009372
恩古鲁,1009371
古绍,1009367
哈科特港,1009358
卡杜纳,1009368
卡拉巴尔,252502
康迪,1009361
卡诺,253466
卡齐纳,1009369
拉各斯,4607
洛科贾,1009357
迈杜古里,252270
马库尔迪,1009359
米纳,1009375
纳蒂廷古,1009362
帕拉库,1009363
乔斯,1009376
萨瓦河,1009364
索科托,1009366
瓦里,1009356
翁多,1009354
耶卢瓦,1009365
揖斐,1009377
伊巴丹,255043
伊科姆,1009360
伊洛林,1009373
约拉,1009378
扎里亚,253380
喀土穆,308406
马拉卡尔,310491
尼亚拉,309804
苏丹港,309406
瓦德马达尼,307606
弗里敦,301085
摩加迪沙,297120
波多尔,1009456
达喀尔,297442
捷斯,300832
济金绍尔,301428
久尔贝勒,1009459
考拉克,298548
克杜古,1009463
科尔达,1009462
林盖尔,1009457
马塔姆,1009458
姆布尔,300833
圣路易斯,1009455
斯基灵角,1009461
坦巴昆达,1009460
比塞大,317198
加贝斯,320235
加夫萨,320263
加利比亚,1009340
坚杜拜,1009341
吉比利,1009350
凯塞林,1009346
雷马达,1416207
马赫迪耶,1009347
梅德宁,1009351
纳布勒,1009342
斯法克斯,320522
苏塞,735150
泰巴尔,1009339
泰塔温,1009352
塔莱,1009345
突尼斯,321398
托泽尔,1009349
西吉布吉特,1009348
锡勒亚奈,1009344
宰格万,1009343
阿鲁沙,1009468
布科巴,1009465
多多玛,1009464
基戈马,1009469
莫罗戈罗,1009473
莫希,1009655
莫伊国际机场,1009471
姆贝亚,1009476
穆索马,1009466
纳钦吉阿,1009478
松巴万加,1009474
松盖阿,1009477
塔波拉机场,1009472
希尼安加,1009467
辛吉达,1009470
伊林加,1009475
达累斯萨拉姆,317663
多多马,312738
马鲁库,318368
姆特瓦拉,314124
姆万扎,314146
桑给巴尔,321607
坦噶,321206
恩德培,321529
坎帕拉,318416
别墅西斯内罗斯,355574
达赫莱,1008040
宾加,1009504
恩多拉,352950
恩多拉市,1009492
恩卡塔贝,1009488
卡奥马,1009496
卡布韦,352580
卡塞马,1009483
卡森帕县,1009490
卡万布瓦,1009479
利文斯敦,1009502
卢萨卡,354544
卢萨卡市机场,1009498
玛库鲁山,1009499
芒古,1009495
曼萨,1009482
蒙布瓦,1009497
姆巴拉,1009480
姆富韦,1009494
姆津巴,1009486
姆皮卡,1009484
姆维尼伦加,1009481
姆祖祖,1009487
佩陶克县,1009500
乔马,1009503
钦戈洛,818330
奇帕塔,1009493
塞谢凯,1009501
索卢韦齐,1009491
伊索卡,1009485
赞比西河,1009489
恩贾梅纳,56798
班吉,52523
